0 verbose cli c:\Program Files\nodejs\node.exe c:\Program Files\nodejs\node_modules\npm\bin\npm-cli.js
1 info using npm@10.8.2
2 info using node@v20.18.0
3 silly config load:file:c:\Program Files\nodejs\node_modules\npm\npmrc
4 silly config load:file:C:\Users\kvr19\Downloads\Flowforge\mvp\frontend\.npmrc
5 silly config load:file:C:\Users\kvr19\.npmrc
6 silly config load:file:C:\Users\kvr19\AppData\Roaming\npm\etc\npmrc
7 verbose title npm install
8 verbose argv "install" "--cache" ".npm-cache"
9 verbose logfile logs-max:10 dir:C:\Users\kvr19\Downloads\Flowforge\mvp\frontend\.npm-cache\_logs\2026-09-30T11_04_34_363Z-
10 verbose logfile C:\Users\kvr19\Downloads\Flowforge\mvp\frontend\.npm-cache\_logs\2026-09-30T11_04_34_363Z-debug-0.log
11 silly packumentCache heap:4345298944 maxSize:1086324736 maxEntrySize:543162368
12 silly logfile done cleaning log files
13 silly idealTree buildDeps
14 silly fetch manifest @vitejs/plugin-react@^4.3.4
15 silly packumentCache full:https://registry.npmjs.org/@vitejs%2fplugin-react cache-miss
16 http fetch GET 200 https://registry.npmjs.org/@vitejs%2fplugin-react 92ms (cache miss)
17 silly packumentCache full:https://registry.npmjs.org/@vitejs%2fplugin-react set size:undefined disposed:false
18 silly fetch manifest vite@^6.0.5
19 silly packumentCache full:https://registry.npmjs.org/vite cache-miss
20 http fetch GET 200 https://registry.npmjs.org/npm 181ms
21 http fetch GET 200 https://registry.npmjs.org/vite 1337ms (cache miss)
22 silly packumentCache full:https://registry.npmjs.org/vite set size:undefined disposed:false
23 silly fetch manifest @types/node@^18.0.0 || ^20.0.0 || >=22.0.0
24 silly packumentCache full:https://registry.npmjs.org/@types%2fnode cache-miss
25 http fetch GET 200 https://registry.npmjs.org/@types%2fnode 256ms (cache miss)
26 silly packumentCache full:https://registry.npmjs.org/@types%2fnode set size:undefined disposed:false
27 silly fetch manifest jiti@>=1.21.0
28 silly packumentCache full:https://registry.npmjs.org/jiti cache-miss
29 http fetch GET 200 https://registry.npmjs.org/jiti 35ms (cache miss)
30 silly packumentCache full:https://registry.npmjs.org/jiti set size:undefined disposed:false
31 silly fetch manifest less@*
32 silly packumentCache full:https://registry.npmjs.org/less cache-miss
33 http fetch GET 200 https://registry.npmjs.org/less 50ms (cache miss)
34 silly packumentCache full:https://registry.npmjs.org/less set size:undefined disposed:false
35 silly fetch manifest lightningcss@^1.21.0
36 silly packumentCache full:https://registry.npmjs.org/lightningcss cache-miss
37 http fetch GET 200 https://registry.npmjs.org/lightningcss 33ms (cache miss)
38 silly packumentCache full:https://registry.npmjs.org/lightningcss set size:undefined disposed:false
39 silly fetch manifest sass@*
40 silly packumentCache full:https://registry.npmjs.org/sass cache-miss
41 http fetch GET 200 https://registry.npmjs.org/sass 62ms (cache miss)
42 silly packumentCache full:https://registry.npmjs.org/sass set size:undefined disposed:false
43 silly fetch manifest sass-embedded@*
44 silly packumentCache full:https://registry.npmjs.org/sass-embedded cache-miss
45 http fetch GET 200 https://registry.npmjs.org/sass-embedded 40ms (cache miss)
46 silly packumentCache full:https://registry.npmjs.org/sass-embedded set size:undefined disposed:false
47 silly fetch manifest stylus@*
48 silly packumentCache full:https://registry.npmjs.org/stylus cache-miss
49 http fetch GET 200 https://registry.npmjs.org/stylus 46ms (cache miss)
50 silly packumentCache full:https://registry.npmjs.org/stylus set size:undefined disposed:false
51 silly fetch manifest sugarss@*
52 silly packumentCache full:https://registry.npmjs.org/sugarss cache-miss
53 http fetch GET 200 https://registry.npmjs.org/sugarss 29ms (cache miss)
54 silly packumentCache full:https://registry.npmjs.org/sugarss set size:undefined disposed:false
55 silly fetch manifest postcss@^8.4.49
56 silly packumentCache full:https://registry.npmjs.org/postcss cache-miss
57 http fetch GET 200 https://registry.npmjs.org/postcss 68ms (cache miss)
58 silly packumentCache full:https://registry.npmjs.org/postcss set size:undefined disposed:false
59 silly fetch manifest terser@^5.16.0
60 silly packumentCache full:https://registry.npmjs.org/terser cache-miss
61 http fetch GET 200 https://registry.npmjs.org/terser 59ms (cache miss)
62 silly packumentCache full:https://registry.npmjs.org/terser set size:undefined disposed:false
63 silly fetch manifest tsx@^4.8.1
64 silly packumentCache full:https://registry.npmjs.org/tsx cache-miss
65 http fetch GET 200 https://registry.npmjs.org/tsx 50ms (cache miss)
66 silly packumentCache full:https://registry.npmjs.org/tsx set size:undefined disposed:false
67 silly fetch manifest yaml@^2.4.2
68 silly packumentCache full:https://registry.npmjs.org/yaml cache-miss
69 http fetch GET 200 https://registry.npmjs.org/yaml 41ms (cache miss)
70 silly packumentCache full:https://registry.npmjs.org/yaml set size:undefined disposed:false
71 silly fetch manifest react@^18.3.1
72 silly packumentCache full:https://registry.npmjs.org/react cache-miss
73 http fetch GET 200 https://registry.npmjs.org/react 466ms (cache miss)
74 silly packumentCache full:https://registry.npmjs.org/react set size:undefined disposed:false
75 silly fetch manifest react-dom@^18.3.1
76 silly packumentCache full:https://registry.npmjs.org/react-dom cache-miss
77 http fetch GET 200 https://registry.npmjs.org/react-dom 259ms (cache miss)
78 silly packumentCache full:https://registry.npmjs.org/react-dom set size:undefined disposed:false
79 silly fetch manifest autoprefixer@^10.4.20
80 silly packumentCache full:https://registry.npmjs.org/autoprefixer cache-miss
81 http fetch GET 200 https://registry.npmjs.org/autoprefixer 77ms (cache miss)
82 silly packumentCache full:https://registry.npmjs.org/autoprefixer set size:undefined disposed:false
83 silly fetch manifest tailwindcss@^3.4.17
84 silly packumentCache full:https://registry.npmjs.org/tailwindcss cache-miss
85 http fetch GET 200 https://registry.npmjs.org/tailwindcss 534ms (cache miss)
86 silly packumentCache full:https://registry.npmjs.org/tailwindcss set size:undefined disposed:false
87 silly placeDep ROOT @vitejs/plugin-react@4.7.0 OK for: flowforge-dashboard@1.0.0 want: ^4.3.4
88 silly placeDep ROOT vite@6.4.3 OK for: @vitejs/plugin-react@4.7.0 want: ^4.2.0 || ^5.0.0 || ^6.0.0 || ^7.0.0
89 silly placeDep ROOT autoprefixer@10.6.1 OK for: flowforge-dashboard@1.0.0 want: ^10.4.20
90 silly placeDep ROOT postcss@8.5.28 OK for: autoprefixer@10.6.1 want: ^8.1.0
91 silly placeDep ROOT react@18.3.1 OK for: flowforge-dashboard@1.0.0 want: ^18.3.1
92 silly placeDep ROOT react-dom@18.3.1 OK for: flowforge-dashboard@1.0.0 want: ^18.3.1
93 silly placeDep ROOT tailwindcss@3.4.19 OK for: flowforge-dashboard@1.0.0 want: ^3.4.17
94 silly fetch manifest @babel/core@^7.28.0
95 silly packumentCache full:https://registry.npmjs.org/@babel%2fcore cache-miss
96 silly fetch manifest react-refresh@^0.17.0
97 silly packumentCache full:https://registry.npmjs.org/react-refresh cache-miss
98 silly fetch manifest @types/babel__core@^7.20.5
99 silly packumentCache full:https://registry.npmjs.org/@types%2fbabel__core cache-miss
100 silly fetch manifest @rolldown/pluginutils@1.0.0-beta.27
101 silly packumentCache full:https://registry.npmjs.org/@rolldown%2fpluginutils cache-miss
102 silly fetch manifest @babel/plugin-transform-react-jsx-self@^7.27.1
103 silly packumentCache full:https://registry.npmjs.org/@babel%2fplugin-transform-react-jsx-self cache-miss
104 silly fetch manifest @babel/plugin-transform-react-jsx-source@^7.27.1
105 silly packumentCache full:https://registry.npmjs.org/@babel%2fplugin-transform-react-jsx-source cache-miss
106 silly fetch manifest fdir@^6.4.4
107 silly packumentCache full:https://registry.npmjs.org/fdir cache-miss
108 silly fetch manifest rollup@^4.34.9
109 silly packumentCache full:https://registry.npmjs.org/rollup cache-miss
110 silly fetch manifest esbuild@^0.25.0
111 silly packumentCache full:https://registry.npmjs.org/esbuild cache-miss
112 silly fetch manifest postcss@^8.5.3
113 silly packumentCache full:https://registry.npmjs.org/postcss cache-miss
114 silly fetch manifest picomatch@^4.0.2
115 silly packumentCache full:https://registry.npmjs.org/picomatch cache-miss
116 silly fetch manifest tinyglobby@^0.2.13
117 silly packumentCache full:https://registry.npmjs.org/tinyglobby cache-miss
118 silly fetch manifest fsevents@~2.3.3
119 silly packumentCache full:https://registry.npmjs.org/fsevents cache-miss
120 silly fetch manifest picocolors@^1.1.1
121 silly packumentCache full:https://registry.npmjs.org/picocolors cache-miss
122 silly fetch manifest fraction.js@^5.3.4
123 silly packumentCache full:https://registry.npmjs.org/fraction.js cache-miss
124 silly fetch manifest browserslist@^4.28.9
125 silly packumentCache full:https://registry.npmjs.org/browserslist cache-miss
126 silly fetch manifest caniuse-lite@^1.0.30001810
127 silly packumentCache full:https://registry.npmjs.org/caniuse-lite cache-miss
128 silly fetch manifest postcss-value-parser@^4.2.0
129 silly packumentCache full:https://registry.npmjs.org/postcss-value-parser cache-miss
130 silly fetch manifest nanoid@^3.3.18
131 silly packumentCache full:https://registry.npmjs.org/nanoid cache-miss
132 http fetch GET 200 https://registry.npmjs.org/postcss 258ms (cache hit)
133 silly packumentCache full:https://registry.npmjs.org/postcss set size:766699 disposed:false
134 silly fetch manifest picocolors@^1.1.1
135 silly packumentCache full:https://registry.npmjs.org/picocolors cache-miss
136 http fetch GET 200 https://registry.npmjs.org/tinyglobby 321ms (cache miss)
137 silly packumentCache full:https://registry.npmjs.org/tinyglobby set size:undefined disposed:false
138 silly fetch manifest source-map-js@^1.2.1
139 silly packumentCache full:https://registry.npmjs.org/source-map-js cache-miss
140 http fetch GET 200 https://registry.npmjs.org/picocolors 324ms (cache miss)
141 silly packumentCache full:https://registry.npmjs.org/picocolors set size:undefined disposed:false
142 silly fetch manifest loose-envify@^1.1.0
143 silly packumentCache full:https://registry.npmjs.org/loose-envify cache-miss
144 http fetch GET 200 https://registry.npmjs.org/picocolors 87ms (cache miss)
145 silly packumentCache full:https://registry.npmjs.org/picocolors set size:undefined disposed:false
146 silly fetch manifest scheduler@^0.23.2
147 silly packumentCache full:https://registry.npmjs.org/scheduler cache-miss
148 http fetch GET 200 https://registry.npmjs.org/@rolldown%2fpluginutils 386ms (cache miss)
149 silly packumentCache full:https://registry.npmjs.org/@rolldown%2fpluginutils set size:undefined disposed:false
150 silly fetch manifest loose-envify@^1.1.0
151 silly packumentCache full:https://registry.npmjs.org/loose-envify cache-miss
152 http fetch GET 200 https://registry.npmjs.org/@babel%2fplugin-transform-react-jsx-source 397ms (cache miss)
153 silly packumentCache full:https://registry.npmjs.org/@babel%2fplugin-transform-react-jsx-source set size:undefined disposed:false
154 silly fetch manifest arg@^5.0.2
155 silly packumentCache full:https://registry.npmjs.org/arg cache-miss
156 http fetch GET 200 https://registry.npmjs.org/@babel%2fplugin-transform-react-jsx-self 411ms (cache miss)
157 silly packumentCache full:https://registry.npmjs.org/@babel%2fplugin-transform-react-jsx-self set size:undefined disposed:false
158 silly fetch manifest dlv@^1.1.3
159 silly packumentCache full:https://registry.npmjs.org/dlv cache-miss
160 http fetch GET 200 https://registry.npmjs.org/fsevents 412ms (cache miss)
161 silly packumentCache full:https://registry.npmjs.org/fsevents set size:undefined disposed:false
162 silly fetch manifest jiti@^1.21.7
163 silly packumentCache full:https://registry.npmjs.org/jiti cache-miss
164 http fetch GET 200 https://registry.npmjs.org/@babel%2fcore 432ms (cache miss)
165 silly packumentCache full:https://registry.npmjs.org/@babel%2fcore set size:undefined disposed:false
166 silly fetch manifest is-glob@^4.0.3
167 silly packumentCache full:https://registry.npmjs.org/is-glob cache-miss
168 http fetch GET 200 https://registry.npmjs.org/source-map-js 119ms (cache miss)
169 silly packumentCache full:https://registry.npmjs.org/source-map-js set size:undefined disposed:false
170 silly fetch manifest resolve@^1.22.8
171 silly packumentCache full:https://registry.npmjs.org/resolve cache-miss
172 http fetch GET 200 https://registry.npmjs.org/loose-envify 125ms (cache miss)
173 silly packumentCache full:https://registry.npmjs.org/loose-envify set size:undefined disposed:false
174 silly fetch manifest sucrase@^3.35.0
175 silly packumentCache full:https://registry.npmjs.org/sucrase cache-miss
176 http fetch GET 200 https://registry.npmjs.org/loose-envify 89ms (cache miss)
177 silly packumentCache full:https://registry.npmjs.org/loose-envify set size:undefined disposed:false
178 silly fetch manifest chokidar@^3.6.0
179 silly packumentCache full:https://registry.npmjs.org/chokidar cache-miss
180 http fetch GET 200 https://registry.npmjs.org/nanoid 470ms (cache miss)
181 silly packumentCache full:https://registry.npmjs.org/nanoid set size:undefined disposed:false
182 silly fetch manifest fast-glob@^3.3.2
183 silly packumentCache full:https://registry.npmjs.org/fast-glob cache-miss
184 http fetch GET 200 https://registry.npmjs.org/jiti 94ms (cache hit)
185 silly packumentCache full:https://registry.npmjs.org/jiti set size:387989 disposed:false
186 silly fetch manifest lilconfig@^3.1.3
187 silly packumentCache full:https://registry.npmjs.org/lilconfig cache-miss
188 http fetch GET 200 https://registry.npmjs.org/browserslist 535ms (cache miss)
189 silly packumentCache full:https://registry.npmjs.org/browserslist set size:undefined disposed:false
190 silly fetch manifest didyoumean@^1.2.2
191 silly packumentCache full:https://registry.npmjs.org/didyoumean cache-miss
192 http fetch GET 200 https://registry.npmjs.org/dlv 145ms (cache miss)
193 silly packumentCache full:https://registry.npmjs.org/dlv set size:undefined disposed:false
194 silly fetch manifest micromatch@^4.0.8
195 silly packumentCache full:https://registry.npmjs.org/micromatch cache-miss
196 http fetch GET 200 https://registry.npmjs.org/arg 166ms (cache miss)
197 silly packumentCache full:https://registry.npmjs.org/arg set size:undefined disposed:false
198 silly fetch manifest postcss-js@^4.0.1
199 silly packumentCache full:https://registry.npmjs.org/postcss-js cache-miss
200 http fetch GET 200 https://registry.npmjs.org/is-glob 139ms (cache miss)
201 silly packumentCache full:https://registry.npmjs.org/is-glob set size:undefined disposed:false
202 silly fetch manifest glob-parent@^6.0.2
203 silly packumentCache full:https://registry.npmjs.org/glob-parent cache-miss
204 http fetch GET 200 https://registry.npmjs.org/fdir 593ms (cache miss)
205 silly packumentCache full:https://registry.npmjs.org/fdir set size:undefined disposed:false
206 silly fetch manifest object-hash@^3.0.0
207 silly packumentCache full:https://registry.npmjs.org/object-hash cache-miss
208 http fetch GET 200 https://registry.npmjs.org/@types%2fbabel__core 640ms (cache miss)
209 silly packumentCache full:https://registry.npmjs.org/@types%2fbabel__core set size:undefined disposed:false
210 silly fetch manifest normalize-path@^3.0.0
211 silly packumentCache full:https://registry.npmjs.org/normalize-path cache-miss
212 http fetch GET 200 https://registry.npmjs.org/picomatch 640ms (cache miss)
213 silly packumentCache full:https://registry.npmjs.org/picomatch set size:undefined disposed:false
214 silly fetch manifest postcss-import@^15.1.0
215 silly packumentCache full:https://registry.npmjs.org/postcss-import cache-miss
216 http fetch GET 200 https://registry.npmjs.org/lilconfig 133ms (cache miss)
217 silly packumentCache full:https://registry.npmjs.org/lilconfig set size:undefined disposed:false
218 silly fetch manifest postcss-nested@^6.2.0
219 silly packumentCache full:https://registry.npmjs.org/postcss-nested cache-miss
220 http fetch GET 200 https://registry.npmjs.org/postcss-value-parser 645ms (cache miss)
221 silly packumentCache full:https://registry.npmjs.org/postcss-value-parser set size:undefined disposed:false
222 silly fetch manifest @alloc/quick-lru@^5.2.0
223 silly packumentCache full:https://registry.npmjs.org/@alloc%2fquick-lru cache-miss
224 http fetch GET 200 https://registry.npmjs.org/didyoumean 117ms (cache miss)
225 silly packumentCache full:https://registry.npmjs.org/didyoumean set size:undefined disposed:false
226 silly fetch manifest postcss-load-config@^4.0.2 || ^5.0 || ^6.0
227 silly packumentCache full:https://registry.npmjs.org/postcss-load-config cache-miss
228 http fetch GET 200 https://registry.npmjs.org/resolve 235ms (cache miss)
229 silly packumentCache full:https://registry.npmjs.org/resolve set size:undefined disposed:false
230 silly fetch manifest postcss-selector-parser@^6.1.2
231 silly packumentCache full:https://registry.npmjs.org/postcss-selector-parser cache-miss
232 http fetch GET 200 https://registry.npmjs.org/chokidar 217ms (cache miss)
233 silly packumentCache full:https://registry.npmjs.org/chokidar set size:undefined disposed:false
234 http fetch GET 200 https://registry.npmjs.org/postcss-js 135ms (cache miss)
235 silly packumentCache full:https://registry.npmjs.org/postcss-js set size:undefined disposed:false
236 http fetch GET 200 https://registry.npmjs.org/fraction.js 704ms (cache miss)
237 silly packumentCache full:https://registry.npmjs.org/fraction.js set size:undefined disposed:false
238 http fetch GET 200 https://registry.npmjs.org/fast-glob 232ms (cache miss)
239 silly packumentCache full:https://registry.npmjs.org/fast-glob set size:undefined disposed:false
240 http fetch GET 200 https://registry.npmjs.org/glob-parent 150ms (cache miss)
241 silly packumentCache full:https://registry.npmjs.org/glob-parent set size:undefined disposed:false
242 http fetch GET 200 https://registry.npmjs.org/object-hash 138ms (cache miss)
243 silly packumentCache full:https://registry.npmjs.org/object-hash set size:undefined disposed:false
244 http fetch GET 200 https://registry.npmjs.org/sucrase 277ms (cache miss)
245 silly packumentCache full:https://registry.npmjs.org/sucrase set size:undefined disposed:false
246 http fetch GET 200 https://registry.npmjs.org/normalize-path 126ms (cache miss)
247 silly packumentCache full:https://registry.npmjs.org/normalize-path set size:undefined disposed:false
248 http fetch GET 200 https://registry.npmjs.org/micromatch 211ms (cache miss)
249 silly packumentCache full:https://registry.npmjs.org/micromatch set size:undefined disposed:false
250 http fetch GET 200 https://registry.npmjs.org/postcss-load-config 104ms (cache miss)
251 silly packumentCache full:https://registry.npmjs.org/postcss-load-config set size:undefined disposed:false
252 http fetch GET 200 https://registry.npmjs.org/postcss-import 131ms (cache miss)
253 silly packumentCache full:https://registry.npmjs.org/postcss-import set size:undefined disposed:false
254 http fetch GET 200 https://registry.npmjs.org/esbuild 804ms (cache miss)
255 silly packumentCache full:https://registry.npmjs.org/esbuild set size:undefined disposed:false
256 http fetch GET 200 https://registry.npmjs.org/@alloc%2fquick-lru 158ms (cache miss)
257 silly packumentCache full:https://registry.npmjs.org/@alloc%2fquick-lru set size:undefined disposed:false
258 http fetch GET 200 https://registry.npmjs.org/postcss-selector-parser 132ms (cache miss)
259 silly packumentCache full:https://registry.npmjs.org/postcss-selector-parser set size:undefined disposed:false
260 http fetch GET 200 https://registry.npmjs.org/caniuse-lite 818ms (cache miss)
261 silly packumentCache full:https://registry.npmjs.org/caniuse-lite set size:undefined disposed:false
262 http fetch GET 200 https://registry.npmjs.org/postcss-nested 279ms (cache miss)
263 silly packumentCache full:https://registry.npmjs.org/postcss-nested set size:undefined disposed:false
264 http fetch GET 200 https://registry.npmjs.org/react-refresh 980ms (cache miss)
265 silly packumentCache full:https://registry.npmjs.org/react-refresh set size:undefined disposed:false
266 http fetch GET 200 https://registry.npmjs.org/rollup 1055ms (cache miss)
267 silly packumentCache full:https://registry.npmjs.org/rollup set size:undefined disposed:false
268 http fetch GET 200 https://registry.npmjs.org/scheduler 801ms (cache miss)
269 silly packumentCache full:https://registry.npmjs.org/scheduler set size:undefined disposed:false
270 silly placeDep ROOT @babel/core@7.29.7 OK for: @vitejs/plugin-react@4.7.0 want: ^7.28.0
271 silly placeDep ROOT @babel/plugin-transform-react-jsx-self@7.29.7 OK for: @vitejs/plugin-react@4.7.0 want: ^7.27.1
272 silly placeDep ROOT @babel/plugin-transform-react-jsx-source@7.29.7 OK for: @vitejs/plugin-react@4.7.0 want: ^7.27.1
273 silly placeDep ROOT @rolldown/pluginutils@1.0.0-beta.27 OK for: @vitejs/plugin-react@4.7.0 want: 1.0.0-beta.27
274 silly placeDep ROOT @types/babel__core@7.20.5 OK for: @vitejs/plugin-react@4.7.0 want: ^7.20.5
275 silly placeDep ROOT react-refresh@0.17.0 OK for: @vitejs/plugin-react@4.7.0 want: ^0.17.0
276 silly fetch manifest debug@^4.1.0
277 silly packumentCache full:https://registry.npmjs.org/debug cache-miss
278 silly fetch manifest json5@^2.2.3
279 silly packumentCache full:https://registry.npmjs.org/json5 cache-miss
280 silly fetch manifest semver@^6.3.1
281 silly packumentCache full:https://registry.npmjs.org/semver cache-miss
282 silly fetch manifest gensync@^1.0.0-beta.2
283 silly packumentCache full:https://registry.npmjs.org/gensync cache-miss
284 silly fetch manifest @babel/types@^7.29.7
285 silly packumentCache full:https://registry.npmjs.org/@babel%2ftypes cache-miss
286 silly fetch manifest @babel/parser@^7.29.7
287 silly packumentCache full:https://registry.npmjs.org/@babel%2fparser cache-miss
288 silly fetch manifest @babel/helpers@^7.29.7
289 silly packumentCache full:https://registry.npmjs.org/@babel%2fhelpers cache-miss
290 silly fetch manifest @babel/template@^7.29.7
291 silly packumentCache full:https://registry.npmjs.org/@babel%2ftemplate cache-miss
292 silly fetch manifest @babel/traverse@^7.29.7
293 silly packumentCache full:https://registry.npmjs.org/@babel%2ftraverse cache-miss
294 silly fetch manifest @babel/generator@^7.29.7
295 silly packumentCache full:https://registry.npmjs.org/@babel%2fgenerator cache-miss
296 silly fetch manifest @babel/code-frame@^7.29.7
297 silly packumentCache full:https://registry.npmjs.org/@babel%2fcode-frame cache-miss
298 silly fetch manifest convert-source-map@^2.0.0
299 silly packumentCache full:https://registry.npmjs.org/convert-source-map cache-miss
300 silly fetch manifest @jridgewell/remapping@^2.3.5
301 silly packumentCache full:https://registry.npmjs.org/@jridgewell%2fremapping cache-miss
302 silly fetch manifest @babel/helper-module-transforms@^7.29.7
303 silly packumentCache full:https://registry.npmjs.org/@babel%2fhelper-module-transforms cache-miss
304 silly fetch manifest @babel/helper-compilation-targets@^7.29.7
305 silly packumentCache full:https://registry.npmjs.org/@babel%2fhelper-compilation-targets cache-miss
306 silly fetch manifest @babel/helper-plugin-utils@^7.29.7
307 silly packumentCache full:https://registry.npmjs.org/@babel%2fhelper-plugin-utils cache-miss
308 silly fetch manifest @babel/helper-plugin-utils@^7.29.7
309 silly packumentCache full:https://registry.npmjs.org/@babel%2fhelper-plugin-utils cache-miss
310 silly fetch manifest @babel/types@^7.20.7
311 silly packumentCache full:https://registry.npmjs.org/@babel%2ftypes cache-miss
312 silly fetch manifest @babel/parser@^7.20.7
313 silly packumentCache full:https://registry.npmjs.org/@babel%2fparser cache-miss
314 http fetch GET 200 https://registry.npmjs.org/gensync 107ms (cache miss)
315 silly packumentCache full:https://registry.npmjs.org/gensync set size:undefined disposed:false
316 silly fetch manifest @types/babel__template@*
317 silly packumentCache full:https://registry.npmjs.org/@types%2fbabel__template cache-miss
318 http fetch GET 200 https://registry.npmjs.org/json5 135ms (cache miss)
319 silly packumentCache full:https://registry.npmjs.org/json5 set size:undefined disposed:false
320 silly fetch manifest @types/babel__traverse@*
321 silly packumentCache full:https://registry.npmjs.org/@types%2fbabel__traverse cache-miss
322 http fetch GET 200 https://registry.npmjs.org/@jridgewell%2fremapping 139ms (cache miss)
323 silly packumentCache full:https://registry.npmjs.org/@jridgewell%2fremapping set size:undefined disposed:false
324 silly fetch manifest @types/babel__generator@*
325 silly packumentCache full:https://registry.npmjs.org/@types%2fbabel__generator cache-miss
326 http fetch GET 200 https://registry.npmjs.org/convert-source-map 163ms (cache miss)
327 silly packumentCache full:https://registry.npmjs.org/convert-source-map set size:undefined disposed:false
328 http fetch GET 200 https://registry.npmjs.org/@babel%2ftemplate 193ms (cache miss)
329 silly packumentCache full:https://registry.npmjs.org/@babel%2ftemplate set size:undefined disposed:false
330 http fetch GET 200 https://registry.npmjs.org/semver 205ms (cache miss)
331 silly packumentCache full:https://registry.npmjs.org/semver set size:undefined disposed:false
332 http fetch GET 200 https://registry.npmjs.org/@babel%2fhelper-compilation-targets 204ms (cache miss)
333 silly packumentCache full:https://registry.npmjs.org/@babel%2fhelper-compilation-targets set size:undefined disposed:false
334 http fetch GET 200 https://registry.npmjs.org/@babel%2fhelper-plugin-utils 208ms (cache miss)
335 silly packumentCache full:https://registry.npmjs.org/@babel%2fhelper-plugin-utils set size:undefined disposed:false
336 http fetch GET 200 https://registry.npmjs.org/@types%2fbabel__template 118ms (cache miss)
337 silly packumentCache full:https://registry.npmjs.org/@types%2fbabel__template set size:undefined disposed:false
338 http fetch GET 200 https://registry.npmjs.org/debug 235ms (cache miss)
339 silly packumentCache full:https://registry.npmjs.org/debug set size:undefined disposed:false
340 http fetch GET 200 https://registry.npmjs.org/@babel%2fhelper-module-transforms 226ms (cache miss)
341 silly packumentCache full:https://registry.npmjs.org/@babel%2fhelper-module-transforms set size:undefined disposed:false
342 http fetch GET 200 https://registry.npmjs.org/@babel%2fhelper-plugin-utils 229ms (cache miss)
343 silly packumentCache full:https://registry.npmjs.org/@babel%2fhelper-plugin-utils set size:undefined disposed:false
344 http fetch GET 200 https://registry.npmjs.org/@babel%2fcode-frame 240ms (cache miss)
345 silly packumentCache full:https://registry.npmjs.org/@babel%2fcode-frame set size:undefined disposed:false
346 http fetch GET 200 https://registry.npmjs.org/@types%2fbabel__traverse 120ms (cache miss)
347 silly packumentCache full:https://registry.npmjs.org/@types%2fbabel__traverse set size:undefined disposed:false
348 http fetch GET 200 https://registry.npmjs.org/@babel%2ftypes 258ms (cache miss)
349 silly packumentCache full:https://registry.npmjs.org/@babel%2ftypes set size:undefined disposed:false
350 http fetch GET 200 https://registry.npmjs.org/@types%2fbabel__generator 117ms (cache miss)
351 silly packumentCache full:https://registry.npmjs.org/@types%2fbabel__generator set size:undefined disposed:false
352 http fetch GET 200 https://registry.npmjs.org/@babel%2ftraverse 267ms (cache miss)
353 silly packumentCache full:https://registry.npmjs.org/@babel%2ftraverse set size:undefined disposed:false
354 http fetch GET 200 https://registry.npmjs.org/@babel%2ftypes 267ms (cache miss)
355 silly packumentCache full:https://registry.npmjs.org/@babel%2ftypes set size:undefined disposed:false
356 http fetch GET 200 https://registry.npmjs.org/@babel%2fgenerator 285ms (cache miss)
357 silly packumentCache full:https://registry.npmjs.org/@babel%2fgenerator set size:undefined disposed:false
358 http fetch GET 200 https://registry.npmjs.org/@babel%2fparser 300ms (cache miss)
359 silly packumentCache full:https://registry.npmjs.org/@babel%2fparser set size:undefined disposed:false
360 http fetch GET 200 https://registry.npmjs.org/@babel%2fparser 303ms (cache miss)
361 silly packumentCache full:https://registry.npmjs.org/@babel%2fparser set size:undefined disposed:false
362 http fetch GET 200 https://registry.npmjs.org/@babel%2fhelpers 337ms (cache miss)
363 silly packumentCache full:https://registry.npmjs.org/@babel%2fhelpers set size:undefined disposed:false
364 silly fetch manifest @babel/core@^7.0.0
365 silly packumentCache full:https://registry.npmjs.org/@babel%2fcore cache-miss
366 http fetch GET 200 https://registry.npmjs.org/@babel%2fcore 13ms (cache hit)
367 silly packumentCache full:https://registry.npmjs.org/@babel%2fcore set size:797193 disposed:false
368 silly placeDep ROOT @babel/code-frame@7.29.7 OK for: @babel/core@7.29.7 want: ^7.29.7
369 silly placeDep ROOT @babel/generator@7.29.8 OK for: @babel/core@7.29.7 want: ^7.29.7
370 silly placeDep ROOT @babel/helper-compilation-targets@7.29.7 OK for: @babel/core@7.29.7 want: ^7.29.7
371 silly placeDep ROOT @babel/helper-module-transforms@7.29.7 OK for: @babel/core@7.29.7 want: ^7.29.7
372 silly placeDep ROOT @babel/helpers@7.29.7 OK for: @babel/core@7.29.7 want: ^7.29.7
373 silly placeDep ROOT @babel/parser@7.29.9 OK for: @babel/core@7.29.7 want: ^7.29.7
374 silly placeDep ROOT @babel/template@7.29.7 OK for: @babel/core@7.29.7 want: ^7.29.7
375 silly placeDep ROOT @babel/traverse@7.29.8 OK for: @babel/core@7.29.7 want: ^7.29.7
376 silly placeDep ROOT @babel/types@7.29.8 OK for: @babel/core@7.29.7 want: ^7.29.7
377 silly placeDep ROOT @jridgewell/remapping@2.3.5 OK for: @babel/core@7.29.7 want: ^2.3.5
378 silly placeDep ROOT convert-source-map@2.0.0 OK for: @babel/core@7.29.7 want: ^2.0.0
379 silly placeDep ROOT debug@4.4.3 OK for: @babel/core@7.29.7 want: ^4.1.0
380 silly placeDep ROOT gensync@1.0.0-beta.2 OK for: @babel/core@7.29.7 want: ^1.0.0-beta.2
381 silly placeDep ROOT json5@2.2.3 OK for: @babel/core@7.29.7 want: ^2.2.3
382 silly placeDep ROOT semver@6.3.1 OK for: @babel/core@7.29.7 want: ^6.3.1
383 silly fetch manifest js-tokens@^4.0.0
384 silly packumentCache full:https://registry.npmjs.org/js-tokens cache-miss
385 silly fetch manifest @babel/helper-validator-identifier@^7.29.7
386 silly packumentCache full:https://registry.npmjs.org/@babel%2fhelper-validator-identifier cache-miss
387 silly fetch manifest jsesc@^3.0.2
388 silly packumentCache full:https://registry.npmjs.org/jsesc cache-miss
389 silly fetch manifest @babel/types@^7.29.8
390 silly packumentCache full:https://registry.npmjs.org/@babel%2ftypes cache-miss
391 silly fetch manifest @babel/parser@^7.29.8
392 silly packumentCache full:https://registry.npmjs.org/@babel%2fparser cache-miss
393 silly fetch manifest @jridgewell/gen-mapping@^0.3.12
394 silly packumentCache full:https://registry.npmjs.org/@jridgewell%2fgen-mapping cache-miss
395 silly fetch manifest @jridgewell/trace-mapping@^0.3.28
396 silly packumentCache full:https://registry.npmjs.org/@jridgewell%2ftrace-mapping cache-miss
397 silly fetch manifest lru-cache@^5.1.1
398 silly packumentCache full:https://registry.npmjs.org/lru-cache cache-miss
399 silly fetch manifest browserslist@^4.24.0
400 silly packumentCache full:https://registry.npmjs.org/browserslist cache-miss
401 silly fetch manifest @babel/compat-data@^7.29.7
402 silly packumentCache full:https://registry.npmjs.org/@babel%2fcompat-data cache-miss
403 silly fetch manifest @babel/helper-validator-option@^7.29.7
404 silly packumentCache full:https://registry.npmjs.org/@babel%2fhelper-validator-option cache-miss
405 silly fetch manifest @babel/helper-module-imports@^7.29.7
406 silly packumentCache full:https://registry.npmjs.org/@babel%2fhelper-module-imports cache-miss
407 silly fetch manifest @babel/helper-validator-identifier@^7.29.7
408 silly packumentCache full:https://registry.npmjs.org/@babel%2fhelper-validator-identifier cache-miss
409 silly fetch manifest @babel/types@^7.29.8
410 silly packumentCache full:https://registry.npmjs.org/@babel%2ftypes cache-miss
411 silly fetch manifest debug@^4.3.1
412 silly packumentCache full:https://registry.npmjs.org/debug cache-miss
413 silly fetch manifest @babel/types@^7.29.8
414 silly packumentCache full:https://registry.npmjs.org/@babel%2ftypes cache-miss
415 silly fetch manifest @babel/helper-globals@^7.29.7
416 silly packumentCache full:https://registry.npmjs.org/@babel%2fhelper-globals cache-miss
417 silly fetch manifest @babel/helper-string-parser@^7.29.7
418 silly packumentCache full:https://registry.npmjs.org/@babel%2fhelper-string-parser cache-miss
419 silly fetch manifest @babel/helper-validator-identifier@^7.29.7
420 silly packumentCache full:https://registry.npmjs.org/@babel%2fhelper-validator-identifier cache-miss
421 http fetch GET 200 https://registry.npmjs.org/@babel%2fparser 283ms (cache hit)
422 silly packumentCache full:https://registry.npmjs.org/@babel%2fparser set size:745724 disposed:false
423 silly fetch manifest @jridgewell/gen-mapping@^0.3.5
424 silly packumentCache full:https://registry.npmjs.org/@jridgewell%2fgen-mapping cache-miss
425 http fetch GET 200 https://registry.npmjs.org/browserslist 285ms (cache hit)
426 silly packumentCache full:https://registry.npmjs.org/browserslist set size:530436 disposed:false
427 silly fetch manifest @jridgewell/trace-mapping@^0.3.24
428 silly packumentCache full:https://registry.npmjs.org/@jridgewell%2ftrace-mapping cache-miss
429 http fetch GET 200 https://registry.npmjs.org/@babel%2ftypes 308ms (cache hit)
430 silly packumentCache full:https://registry.npmjs.org/@babel%2ftypes set size:507562 disposed:false
431 silly fetch manifest ms@^2.1.3
432 silly packumentCache full:https://registry.npmjs.org/ms cache-miss
433 http fetch GET 200 https://registry.npmjs.org/@babel%2ftypes 304ms (cache hit)
434 silly packumentCache full:https://registry.npmjs.org/@babel%2ftypes set size:507562 disposed:false
435 silly packumentCache full:https://registry.npmjs.org/@babel%2ftypes dispose
436 http fetch GET 200 https://registry.npmjs.org/debug 307ms (cache hit)
437 silly packumentCache full:https://registry.npmjs.org/debug set size:195840 disposed:false
438 http fetch GET 200 https://registry.npmjs.org/@babel%2ftypes 320ms (cache hit)
439 silly packumentCache full:https://registry.npmjs.org/@babel%2ftypes set size:507562 disposed:true
440 silly packumentCache full:https://registry.npmjs.org/@babel%2ftypes dispose
441 http fetch GET 200 https://registry.npmjs.org/js-tokens 356ms (cache miss)
442 silly packumentCache full:https://registry.npmjs.org/js-tokens set size:undefined disposed:false
443 http fetch GET 200 https://registry.npmjs.org/@babel%2fhelper-globals 357ms (cache miss)
444 silly packumentCache full:https://registry.npmjs.org/@babel%2fhelper-globals set size:undefined disposed:false
445 http fetch GET 200 https://registry.npmjs.org/@babel%2fhelper-validator-option 373ms (cache miss)
446 silly packumentCache full:https://registry.npmjs.org/@babel%2fhelper-validator-option set size:undefined disposed:false
447 http fetch GET 200 https://registry.npmjs.org/jsesc 390ms (cache miss)
448 silly packumentCache full:https://registry.npmjs.org/jsesc set size:undefined disposed:false
449 http fetch GET 200 https://registry.npmjs.org/@jridgewell%2fgen-mapping 391ms (cache miss)
450 silly packumentCache full:https://registry.npmjs.org/@jridgewell%2fgen-mapping set size:undefined disposed:false
451 http fetch GET 200 https://registry.npmjs.org/@babel%2fhelper-string-parser 371ms (cache miss)
452 silly packumentCache full:https://registry.npmjs.org/@babel%2fhelper-string-parser set size:undefined disposed:false
453 http fetch GET 200 https://registry.npmjs.org/@jridgewell%2fgen-mapping 105ms (cache miss)
454 silly packumentCache full:https://registry.npmjs.org/@jridgewell%2fgen-mapping set size:undefined disposed:false
455 http fetch GET 200 https://registry.npmjs.org/@babel%2fhelper-validator-identifier 403ms (cache miss)
456 silly packumentCache full:https://registry.npmjs.org/@babel%2fhelper-validator-identifier set size:undefined disposed:false
457 http fetch GET 200 https://registry.npmjs.org/@jridgewell%2ftrace-mapping 397ms (cache miss)
458 silly packumentCache full:https://registry.npmjs.org/@jridgewell%2ftrace-mapping set size:undefined disposed:false
459 http fetch GET 200 https://registry.npmjs.org/@babel%2fhelper-validator-identifier 393ms (cache miss)
460 silly packumentCache full:https://registry.npmjs.org/@babel%2fhelper-validator-identifier set size:undefined disposed:false
461 http fetch GET 200 https://registry.npmjs.org/@babel%2fhelper-validator-identifier 383ms (cache miss)
462 silly packumentCache full:https://registry.npmjs.org/@babel%2fhelper-validator-identifier set size:undefined disposed:false
463 http fetch GET 200 https://registry.npmjs.org/@babel%2fhelper-module-imports 403ms (cache miss)
464 silly packumentCache full:https://registry.npmjs.org/@babel%2fhelper-module-imports set size:undefined disposed:false
465 http fetch GET 200 https://registry.npmjs.org/ms 109ms (cache miss)
466 silly packumentCache full:https://registry.npmjs.org/ms set size:undefined disposed:false
467 http fetch GET 200 https://registry.npmjs.org/@babel%2fcompat-data 415ms (cache miss)
468 silly packumentCache full:https://registry.npmjs.org/@babel%2fcompat-data set size:undefined disposed:false
469 http fetch GET 200 https://registry.npmjs.org/@jridgewell%2ftrace-mapping 128ms (cache miss)
470 silly packumentCache full:https://registry.npmjs.org/@jridgewell%2ftrace-mapping set size:undefined disposed:false
471 http fetch GET 200 https://registry.npmjs.org/lru-cache 429ms (cache miss)
472 silly packumentCache full:https://registry.npmjs.org/lru-cache set size:undefined disposed:false
473 silly placeDep ROOT @babel/helper-validator-identifier@7.29.7 OK for: @babel/code-frame@7.29.7 want: ^7.29.7
474 silly placeDep ROOT js-tokens@4.0.0 OK for: @babel/code-frame@7.29.7 want: ^4.0.0
475 silly placeDep ROOT picocolors@1.1.1 OK for: @babel/code-frame@7.29.7 want: ^1.1.1
476 silly placeDep ROOT @jridgewell/gen-mapping@0.3.13 OK for: @babel/generator@7.29.8 want: ^0.3.12
477 silly placeDep ROOT @jridgewell/trace-mapping@0.3.31 OK for: @babel/generator@7.29.8 want: ^0.3.28
478 silly placeDep ROOT jsesc@3.1.0 OK for: @babel/generator@7.29.8 want: ^3.0.2
479 silly fetch manifest @jridgewell/sourcemap-codec@^1.5.0
480 silly packumentCache full:https://registry.npmjs.org/@jridgewell%2fsourcemap-codec cache-miss
481 silly fetch manifest @jridgewell/resolve-uri@^3.1.0
482 silly packumentCache full:https://registry.npmjs.org/@jridgewell%2fresolve-uri cache-miss
483 silly fetch manifest @jridgewell/sourcemap-codec@^1.4.14
484 silly packumentCache full:https://registry.npmjs.org/@jridgewell%2fsourcemap-codec cache-miss
485 http fetch GET 200 https://registry.npmjs.org/@jridgewell%2fsourcemap-codec 51ms (cache miss)
486 silly packumentCache full:https://registry.npmjs.org/@jridgewell%2fsourcemap-codec set size:undefined disposed:false
487 http fetch GET 200 https://registry.npmjs.org/@jridgewell%2fsourcemap-codec 51ms (cache miss)
488 silly packumentCache full:https://registry.npmjs.org/@jridgewell%2fsourcemap-codec set size:undefined disposed:false
489 http fetch GET 200 https://registry.npmjs.org/@jridgewell%2fresolve-uri 54ms (cache miss)
490 silly packumentCache full:https://registry.npmjs.org/@jridgewell%2fresolve-uri set size:undefined disposed:false
491 silly placeDep ROOT @babel/compat-data@7.29.7 OK for: @babel/helper-compilation-targets@7.29.7 want: ^7.29.7
492 silly placeDep ROOT @babel/helper-validator-option@7.29.7 OK for: @babel/helper-compilation-targets@7.29.7 want: ^7.29.7
493 silly placeDep ROOT browserslist@4.29.3 OK for: @babel/helper-compilation-targets@7.29.7 want: ^4.24.0
494 silly placeDep ROOT lru-cache@5.1.1 OK for: @babel/helper-compilation-targets@7.29.7 want: ^5.1.1
495 silly fetch manifest caniuse-lite@^1.0.30001813
496 silly packumentCache full:https://registry.npmjs.org/caniuse-lite cache-miss
497 silly fetch manifest node-releases@^2.0.57
498 silly packumentCache full:https://registry.npmjs.org/node-releases cache-miss
499 silly fetch manifest electron-to-chromium@^1.5.439
500 silly packumentCache full:https://registry.npmjs.org/electron-to-chromium cache-miss
501 silly fetch manifest update-browserslist-db@^1.3.3
502 silly packumentCache full:https://registry.npmjs.org/update-browserslist-db cache-miss
503 silly fetch manifest baseline-browser-mapping@^2.11.26
504 silly packumentCache full:https://registry.npmjs.org/baseline-browser-mapping cache-miss
505 silly fetch manifest yallist@^3.0.2
506 silly packumentCache full:https://registry.npmjs.org/yallist cache-miss
507 http fetch GET 200 https://registry.npmjs.org/caniuse-lite 33ms (cache hit)
508 silly packumentCache full:https://registry.npmjs.org/caniuse-lite set size:2319807 disposed:false
509 http fetch GET 200 https://registry.npmjs.org/update-browserslist-db 75ms (cache miss)
510 silly packumentCache full:https://registry.npmjs.org/update-browserslist-db set size:undefined disposed:false
511 http fetch GET 200 https://registry.npmjs.org/yallist 76ms (cache miss)
512 silly packumentCache full:https://registry.npmjs.org/yallist set size:undefined disposed:false
513 http fetch GET 200 https://registry.npmjs.org/node-releases 93ms (cache miss)
514 silly packumentCache full:https://registry.npmjs.org/node-releases set size:undefined disposed:false
515 http fetch GET 200 https://registry.npmjs.org/baseline-browser-mapping 96ms (cache miss)
516 silly packumentCache full:https://registry.npmjs.org/baseline-browser-mapping set size:undefined disposed:false
517 http fetch GET 200 https://registry.npmjs.org/electron-to-chromium 182ms (cache miss)
518 silly packumentCache full:https://registry.npmjs.org/electron-to-chromium set size:undefined disposed:false
519 silly placeDep ROOT @babel/helper-module-imports@7.29.7 OK for: @babel/helper-module-transforms@7.29.7 want: ^7.29.7
520 silly placeDep ROOT @babel/helper-plugin-utils@7.29.7 OK for: @babel/plugin-transform-react-jsx-self@7.29.7 want: ^7.29.7
521 silly placeDep ROOT @babel/helper-globals@7.29.7 OK for: @babel/traverse@7.29.8 want: ^7.29.7
522 silly placeDep ROOT @babel/helper-string-parser@7.29.7 OK for: @babel/types@7.29.8 want: ^7.29.7
523 silly placeDep ROOT @jridgewell/sourcemap-codec@1.6.0 OK for: @jridgewell/gen-mapping@0.3.13 want: ^1.5.0
524 silly placeDep ROOT @jridgewell/resolve-uri@3.1.2 OK for: @jridgewell/trace-mapping@0.3.31 want: ^3.1.0
525 silly placeDep ROOT @types/babel__generator@7.27.0 OK for: @types/babel__core@7.20.5 want: *
526 silly placeDep ROOT @types/babel__template@7.4.4 OK for: @types/babel__core@7.20.5 want: *
527 silly placeDep ROOT @types/babel__traverse@7.28.0 OK for: @types/babel__core@7.20.5 want: *
528 silly placeDep ROOT caniuse-lite@1.0.30001814 OK for: autoprefixer@10.6.1 want: ^1.0.30001810
529 silly placeDep ROOT fraction.js@5.3.4 OK for: autoprefixer@10.6.1 want: ^5.3.4
530 silly placeDep ROOT postcss-value-parser@4.2.0 OK for: autoprefixer@10.6.1 want: ^4.2.0
531 silly fetch manifest browserslist@>= 4.21.0
532 silly packumentCache full:https://registry.npmjs.org/browserslist cache-hit
533 silly placeDep ROOT baseline-browser-mapping@2.11.26 OK for: browserslist@4.29.3 want: ^2.11.26
534 silly placeDep ROOT electron-to-chromium@1.5.442 OK for: browserslist@4.29.3 want: ^1.5.439
535 silly placeDep ROOT node-releases@2.0.57 OK for: browserslist@4.29.3 want: ^2.0.57
536 silly placeDep ROOT update-browserslist-db@1.3.3 OK for: browserslist@4.29.3 want: ^1.3.3
537 silly fetch manifest escalade@^3.2.0
538 silly packumentCache full:https://registry.npmjs.org/escalade cache-miss
539 http fetch GET 200 https://registry.npmjs.org/escalade 45ms (cache miss)
540 silly packumentCache full:https://registry.npmjs.org/escalade set size:undefined disposed:false
541 silly placeDep ROOT ms@2.1.3 OK for: debug@4.4.3 want: ^2.1.3
542 silly placeDep ROOT yallist@3.1.1 OK for: lru-cache@5.1.1 want: ^3.0.2
543 silly placeDep ROOT nanoid@3.3.19 OK for: postcss@8.5.28 want: ^3.3.18
544 silly placeDep ROOT source-map-js@1.2.1 OK for: postcss@8.5.28 want: ^1.2.1
545 silly placeDep ROOT loose-envify@1.4.0 OK for: react@18.3.1 want: ^1.1.0
546 silly placeDep ROOT scheduler@0.23.2 OK for: react-dom@18.3.1 want: ^0.23.2
547 silly fetch manifest postcss@^8.4.47
548 silly packumentCache full:https://registry.npmjs.org/postcss cache-hit
549 silly placeDep ROOT @alloc/quick-lru@5.3.0 OK for: tailwindcss@3.4.19 want: ^5.2.0
550 silly placeDep ROOT arg@5.0.2 OK for: tailwindcss@3.4.19 want: ^5.0.2
551 silly placeDep ROOT chokidar@3.6.0 OK for: tailwindcss@3.4.19 want: ^3.6.0
552 silly placeDep ROOT didyoumean@1.2.2 OK for: tailwindcss@3.4.19 want: ^1.2.2
553 silly placeDep ROOT dlv@1.1.3 OK for: tailwindcss@3.4.19 want: ^1.1.3
554 silly placeDep ROOT fast-glob@3.3.3 OK for: tailwindcss@3.4.19 want: ^3.3.2
555 silly placeDep ROOT glob-parent@6.0.2 OK for: tailwindcss@3.4.19 want: ^6.0.2
556 silly placeDep ROOT is-glob@4.0.3 OK for: tailwindcss@3.4.19 want: ^4.0.3
557 silly placeDep ROOT jiti@1.21.7 OK for: tailwindcss@3.4.19 want: ^1.21.7
558 silly placeDep ROOT lilconfig@3.1.3 OK for: tailwindcss@3.4.19 want: ^3.1.3
559 silly placeDep ROOT micromatch@4.0.8 OK for: tailwindcss@3.4.19 want: ^4.0.8
560 silly placeDep ROOT normalize-path@3.0.0 OK for: tailwindcss@3.4.19 want: ^3.0.0
561 silly placeDep ROOT object-hash@3.0.0 OK for: tailwindcss@3.4.19 want: ^3.0.0
562 silly placeDep ROOT postcss-import@15.1.0 OK for: tailwindcss@3.4.19 want: ^15.1.0
563 silly placeDep ROOT postcss-js@4.1.0 OK for: tailwindcss@3.4.19 want: ^4.0.1
564 silly placeDep ROOT postcss-load-config@6.0.1 OK for: tailwindcss@3.4.19 want: ^4.0.2 || ^5.0 || ^6.0
565 silly placeDep ROOT postcss-nested@6.2.0 OK for: tailwindcss@3.4.19 want: ^6.2.0
566 silly placeDep ROOT postcss-selector-parser@6.1.4 OK for: tailwindcss@3.4.19 want: ^6.1.2
567 silly placeDep ROOT resolve@1.22.12 OK for: tailwindcss@3.4.19 want: ^1.22.8
568 silly placeDep ROOT sucrase@3.35.1 OK for: tailwindcss@3.4.19 want: ^3.35.0
569 silly fetch manifest braces@~3.0.2
570 silly packumentCache full:https://registry.npmjs.org/braces cache-miss
571 silly fetch manifest is-glob@~4.0.1
572 silly packumentCache full:https://registry.npmjs.org/is-glob cache-miss
573 silly fetch manifest anymatch@~3.1.2
574 silly packumentCache full:https://registry.npmjs.org/anymatch cache-miss
575 silly fetch manifest readdirp@~3.6.0
576 silly packumentCache full:https://registry.npmjs.org/readdirp cache-miss
577 silly fetch manifest glob-parent@~5.1.2
578 silly packumentCache full:https://registry.npmjs.org/glob-parent cache-miss
579 silly fetch manifest is-binary-path@~2.1.0
580 silly packumentCache full:https://registry.npmjs.org/is-binary-path cache-miss
581 silly fetch manifest normalize-path@~3.0.0
582 silly packumentCache full:https://registry.npmjs.org/normalize-path cache-miss
583 silly fetch manifest fsevents@~2.3.2
584 silly packumentCache full:https://registry.npmjs.org/fsevents cache-miss
585 silly fetch manifest @nodelib/fs.stat@^2.0.2
586 silly packumentCache full:https://registry.npmjs.org/@nodelib%2ffs.stat cache-miss
587 silly fetch manifest @nodelib/fs.walk@^1.2.3
588 silly packumentCache full:https://registry.npmjs.org/@nodelib%2ffs.walk cache-miss
589 silly fetch manifest glob-parent@^5.1.2
590 silly packumentCache full:https://registry.npmjs.org/glob-parent cache-miss
591 silly fetch manifest merge2@^1.3.0
592 silly packumentCache full:https://registry.npmjs.org/merge2 cache-miss
593 silly fetch manifest is-extglob@^2.1.1
594 silly packumentCache full:https://registry.npmjs.org/is-extglob cache-miss
595 silly fetch manifest braces@^3.0.3
596 silly packumentCache full:https://registry.npmjs.org/braces cache-miss
597 silly fetch manifest picomatch@^2.3.1
598 silly packumentCache full:https://registry.npmjs.org/picomatch cache-miss
599 silly fetch manifest resolve@^1.1.7
600 silly packumentCache full:https://registry.npmjs.org/resolve cache-miss
601 silly fetch manifest read-cache@^1.0.0
602 silly packumentCache full:https://registry.npmjs.org/read-cache cache-miss
603 silly fetch manifest camelcase-css@^2.0.1
604 silly packumentCache full:https://registry.npmjs.org/camelcase-css cache-miss
605 silly fetch manifest postcss-selector-parser@^6.1.1
606 silly packumentCache full:https://registry.npmjs.org/postcss-selector-parser cache-miss
607 http fetch GET 200 https://registry.npmjs.org/is-glob 87ms (cache hit)
608 silly packumentCache full:https://registry.npmjs.org/is-glob set size:40530 disposed:false
609 silly fetch manifest cssesc@^3.0.0
610 silly packumentCache full:https://registry.npmjs.org/cssesc cache-miss
611 http fetch GET 200 https://registry.npmjs.org/fsevents 85ms (cache hit)
612 silly packumentCache full:https://registry.npmjs.org/fsevents set size:182472 disposed:false
613 silly fetch manifest util-deprecate@^1.0.2
614 silly packumentCache full:https://registry.npmjs.org/util-deprecate cache-miss
615 http fetch GET 200 https://registry.npmjs.org/glob-parent 94ms (cache hit)
616 silly packumentCache full:https://registry.npmjs.org/glob-parent set size:42445 disposed:false
617 silly fetch manifest es-errors@^1.3.0
618 silly packumentCache full:https://registry.npmjs.org/es-errors cache-miss
619 http fetch GET 200 https://registry.npmjs.org/normalize-path 95ms (cache hit)
620 silly packumentCache full:https://registry.npmjs.org/normalize-path set size:28713 disposed:false
621 silly fetch manifest path-parse@^1.0.7
622 silly packumentCache full:https://registry.npmjs.org/path-parse cache-miss
623 http fetch GET 200 https://registry.npmjs.org/postcss-selector-parser 84ms (cache hit)
624 silly packumentCache full:https://registry.npmjs.org/postcss-selector-parser set size:199901 disposed:false
625 silly fetch manifest is-core-module@^2.16.1
626 silly packumentCache full:https://registry.npmjs.org/is-core-module cache-miss
627 http fetch GET 200 https://registry.npmjs.org/picomatch 103ms (cache hit)
628 silly packumentCache full:https://registry.npmjs.org/picomatch set size:134451 disposed:false
629 silly fetch manifest supports-preserve-symlinks-flag@^1.0.0
630 silly packumentCache full:https://registry.npmjs.org/supports-preserve-symlinks-flag cache-miss
631 http fetch GET 200 https://registry.npmjs.org/resolve 108ms (cache hit)
632 silly packumentCache full:https://registry.npmjs.org/resolve set size:244568 disposed:false
633 silly fetch manifest commander@^4.0.0
634 silly packumentCache full:https://registry.npmjs.org/commander cache-miss
635 http fetch GET 200 https://registry.npmjs.org/glob-parent 119ms (cache hit)
636 silly packumentCache full:https://registry.npmjs.org/glob-parent set size:42445 disposed:false
637 silly packumentCache full:https://registry.npmjs.org/glob-parent dispose
638 silly fetch manifest lines-and-columns@^1.1.6
639 silly packumentCache full:https://registry.npmjs.org/lines-and-columns cache-miss
640 http fetch GET 200 https://registry.npmjs.org/camelcase-css 142ms (cache miss)
641 silly packumentCache full:https://registry.npmjs.org/camelcase-css set size:undefined disposed:false
642 silly fetch manifest mz@^2.7.0
643 silly packumentCache full:https://registry.npmjs.org/mz cache-miss
644 http fetch GET 200 https://registry.npmjs.org/is-binary-path 159ms (cache miss)
645 silly packumentCache full:https://registry.npmjs.org/is-binary-path set size:undefined disposed:false
646 silly fetch manifest pirates@^4.0.1
647 silly packumentCache full:https://registry.npmjs.org/pirates cache-miss
648 http fetch GET 200 https://registry.npmjs.org/is-extglob 165ms (cache miss)
649 silly packumentCache full:https://registry.npmjs.org/is-extglob set size:undefined disposed:false
650 silly fetch manifest tinyglobby@^0.2.11
651 silly packumentCache full:https://registry.npmjs.org/tinyglobby cache-miss
652 http fetch GET 200 https://registry.npmjs.org/read-cache 164ms (cache miss)
653 silly packumentCache full:https://registry.npmjs.org/read-cache set size:undefined disposed:false
654 silly fetch manifest ts-interface-checker@^0.1.9
655 silly packumentCache full:https://registry.npmjs.org/ts-interface-checker cache-miss
656 http fetch GET 200 https://registry.npmjs.org/anymatch 184ms (cache miss)
657 silly packumentCache full:https://registry.npmjs.org/anymatch set size:undefined disposed:false
658 http fetch GET 200 https://registry.npmjs.org/@nodelib%2ffs.stat 180ms (cache miss)
659 silly packumentCache full:https://registry.npmjs.org/@nodelib%2ffs.stat set size:undefined disposed:false
660 http fetch GET 200 https://registry.npmjs.org/merge2 182ms (cache miss)
661 silly packumentCache full:https://registry.npmjs.org/merge2 set size:undefined disposed:false
662 http fetch GET 200 https://registry.npmjs.org/braces 197ms (cache miss)
663 silly packumentCache full:https://registry.npmjs.org/braces set size:undefined disposed:false
664 http fetch GET 200 https://registry.npmjs.org/@nodelib%2ffs.walk 191ms (cache miss)
665 silly packumentCache full:https://registry.npmjs.org/@nodelib%2ffs.walk set size:undefined disposed:false
666 http fetch GET 200 https://registry.npmjs.org/util-deprecate 107ms (cache miss)
667 silly packumentCache full:https://registry.npmjs.org/util-deprecate set size:undefined disposed:false
668 http fetch GET 200 https://registry.npmjs.org/supports-preserve-symlinks-flag 85ms (cache miss)
669 silly packumentCache full:https://registry.npmjs.org/supports-preserve-symlinks-flag set size:undefined disposed:false
670 http fetch GET 200 https://registry.npmjs.org/braces 193ms (cache miss)
671 silly packumentCache full:https://registry.npmjs.org/braces set size:undefined disposed:false
672 http fetch GET 200 https://registry.npmjs.org/readdirp 205ms (cache miss)
673 silly packumentCache full:https://registry.npmjs.org/readdirp set size:undefined disposed:false
674 http fetch GET 200 https://registry.npmjs.org/es-errors 111ms (cache miss)
675 silly packumentCache full:https://registry.npmjs.org/es-errors set size:undefined disposed:false
676 http fetch GET 200 https://registry.npmjs.org/path-parse 114ms (cache miss)
677 silly packumentCache full:https://registry.npmjs.org/path-parse set size:undefined disposed:false
678 http fetch GET 200 https://registry.npmjs.org/cssesc 128ms (cache miss)
679 silly packumentCache full:https://registry.npmjs.org/cssesc set size:undefined disposed:false
680 http fetch GET 200 https://registry.npmjs.org/is-core-module 111ms (cache miss)
681 silly packumentCache full:https://registry.npmjs.org/is-core-module set size:undefined disposed:false
682 http fetch GET 200 https://registry.npmjs.org/tinyglobby 48ms (cache hit)
683 silly packumentCache full:https://registry.npmjs.org/tinyglobby set size:54291 disposed:false
684 http fetch GET 200 https://registry.npmjs.org/lines-and-columns 99ms (cache miss)
685 silly packumentCache full:https://registry.npmjs.org/lines-and-columns set size:undefined disposed:false
686 http fetch GET 200 https://registry.npmjs.org/mz 73ms (cache miss)
687 silly packumentCache full:https://registry.npmjs.org/mz set size:undefined disposed:false
688 http fetch GET 200 https://registry.npmjs.org/pirates 73ms (cache miss)
689 silly packumentCache full:https://registry.npmjs.org/pirates set size:undefined disposed:false
690 http fetch GET 200 https://registry.npmjs.org/commander 117ms (cache miss)
691 silly packumentCache full:https://registry.npmjs.org/commander set size:undefined disposed:false
692 http fetch GET 200 https://registry.npmjs.org/ts-interface-checker 252ms (cache miss)
693 silly packumentCache full:https://registry.npmjs.org/ts-interface-checker set size:undefined disposed:false
694 silly placeDep ROOT anymatch@3.1.3 OK for: chokidar@3.6.0 want: ~3.1.2
695 silly placeDep ROOT braces@3.0.3 OK for: chokidar@3.6.0 want: ~3.0.2
696 silly placeDep ROOT fsevents@2.3.3 OK for: chokidar@3.6.0 want: ~2.3.2
697 silly placeDep node_modules/chokidar glob-parent@5.1.2 OK for: chokidar@3.6.0 want: ~5.1.2
698 silly placeDep ROOT is-binary-path@2.1.0 OK for: chokidar@3.6.0 want: ~2.1.0
699 silly placeDep ROOT readdirp@3.6.0 OK for: chokidar@3.6.0 want: ~3.6.0
700 silly fetch manifest picomatch@^2.0.4
701 silly packumentCache full:https://registry.npmjs.org/picomatch cache-hit
702 silly fetch manifest fill-range@^7.1.1
703 silly packumentCache full:https://registry.npmjs.org/fill-range cache-miss
704 silly fetch manifest binary-extensions@^2.0.0
705 silly packumentCache full:https://registry.npmjs.org/binary-extensions cache-miss
706 silly fetch manifest picomatch@^2.2.1
707 silly packumentCache full:https://registry.npmjs.org/picomatch cache-hit
708 http fetch GET 200 https://registry.npmjs.org/fill-range 40ms (cache miss)
709 silly packumentCache full:https://registry.npmjs.org/fill-range set size:undefined disposed:false
710 http fetch GET 200 https://registry.npmjs.org/binary-extensions 47ms (cache miss)
711 silly packumentCache full:https://registry.npmjs.org/binary-extensions set size:undefined disposed:false
712 silly placeDep ROOT picomatch@2.3.2 OK for: anymatch@3.1.3 want: ^2.0.4
713 silly placeDep ROOT fill-range@7.1.1 OK for: braces@3.0.3 want: ^7.1.1
714 silly fetch manifest to-regex-range@^5.0.1
715 silly packumentCache full:https://registry.npmjs.org/to-regex-range cache-miss
716 http fetch GET 200 https://registry.npmjs.org/to-regex-range 37ms (cache miss)
717 silly packumentCache full:https://registry.npmjs.org/to-regex-range set size:undefined disposed:false
718 silly placeDep ROOT @nodelib/fs.stat@2.0.5 OK for: fast-glob@3.3.3 want: ^2.0.2
719 silly placeDep ROOT @nodelib/fs.walk@1.2.8 OK for: fast-glob@3.3.3 want: ^1.2.3
720 silly placeDep node_modules/fast-glob glob-parent@5.1.2 OK for: fast-glob@3.3.3 want: ^5.1.2
721 silly placeDep ROOT merge2@1.4.1 OK for: fast-glob@3.3.3 want: ^1.3.0
722 silly fetch manifest fastq@^1.6.0
723 silly packumentCache full:https://registry.npmjs.org/fastq cache-miss
724 silly fetch manifest @nodelib/fs.scandir@2.1.5
725 silly packumentCache full:https://registry.npmjs.org/@nodelib%2ffs.scandir cache-miss
726 http fetch GET 200 https://registry.npmjs.org/fastq 39ms (cache miss)
727 silly packumentCache full:https://registry.npmjs.org/fastq set size:undefined disposed:false
728 http fetch GET 200 https://registry.npmjs.org/@nodelib%2ffs.scandir 43ms (cache miss)
729 silly packumentCache full:https://registry.npmjs.org/@nodelib%2ffs.scandir set size:undefined disposed:false
730 silly placeDep ROOT @nodelib/fs.scandir@2.1.5 OK for: @nodelib/fs.walk@1.2.8 want: 2.1.5
731 silly placeDep ROOT fastq@1.20.3 OK for: @nodelib/fs.walk@1.2.8 want: ^1.6.0
732 silly fetch manifest run-parallel@^1.1.9
733 silly packumentCache full:https://registry.npmjs.org/run-parallel cache-miss
734 silly fetch manifest reusify@^1.0.4
735 silly packumentCache full:https://registry.npmjs.org/reusify cache-miss
736 http fetch GET 200 https://registry.npmjs.org/reusify 29ms (cache miss)
737 silly packumentCache full:https://registry.npmjs.org/reusify set size:undefined disposed:false
738 http fetch GET 200 https://registry.npmjs.org/run-parallel 35ms (cache miss)
739 silly packumentCache full:https://registry.npmjs.org/run-parallel set size:undefined disposed:false
740 silly placeDep ROOT run-parallel@1.2.0 OK for: @nodelib/fs.scandir@2.1.5 want: ^1.1.9
741 silly fetch manifest queue-microtask@^1.2.2
742 silly packumentCache full:https://registry.npmjs.org/queue-microtask cache-miss
743 http fetch GET 200 https://registry.npmjs.org/queue-microtask 34ms (cache miss)
744 silly packumentCache full:https://registry.npmjs.org/queue-microtask set size:undefined disposed:false
745 silly placeDep ROOT reusify@1.1.0 OK for: fastq@1.20.3 want: ^1.0.4
746 silly placeDep ROOT to-regex-range@5.0.1 OK for: fill-range@7.1.1 want: ^5.0.1
747 silly fetch manifest is-number@^7.0.0
748 silly packumentCache full:https://registry.npmjs.org/is-number cache-miss
749 http fetch GET 200 https://registry.npmjs.org/is-number 33ms (cache miss)
750 silly packumentCache full:https://registry.npmjs.org/is-number set size:undefined disposed:false
751 silly placeDep ROOT binary-extensions@2.3.0 OK for: is-binary-path@2.1.0 want: ^2.0.0
752 silly placeDep ROOT is-extglob@2.1.1 OK for: is-glob@4.0.3 want: ^2.1.1
753 silly placeDep ROOT read-cache@1.0.2 OK for: postcss-import@15.1.0 want: ^1.0.0
754 silly placeDep ROOT camelcase-css@2.0.1 OK for: postcss-js@4.1.0 want: ^2.0.1
755 silly placeDep ROOT cssesc@3.0.0 OK for: postcss-selector-parser@6.1.4 want: ^3.0.0
756 silly placeDep ROOT util-deprecate@1.0.2 OK for: postcss-selector-parser@6.1.4 want: ^1.0.2
757 silly placeDep ROOT es-errors@1.3.0 OK for: resolve@1.22.12 want: ^1.3.0
758 silly placeDep ROOT is-core-module@2.17.0 OK for: resolve@1.22.12 want: ^2.16.1
759 silly placeDep ROOT path-parse@1.0.7 OK for: resolve@1.22.12 want: ^1.0.7
760 silly placeDep ROOT supports-preserve-symlinks-flag@1.0.0 OK for: resolve@1.22.12 want: ^1.0.0
761 silly fetch manifest hasown@^2.0.4
762 silly packumentCache full:https://registry.npmjs.org/hasown cache-miss
763 http fetch GET 200 https://registry.npmjs.org/hasown 35ms (cache miss)
764 silly packumentCache full:https://registry.npmjs.org/hasown set size:undefined disposed:false
765 silly placeDep ROOT hasown@2.0.4 OK for: is-core-module@2.17.0 want: ^2.0.4
766 silly fetch manifest function-bind@^1.1.2
767 silly packumentCache full:https://registry.npmjs.org/function-bind cache-miss
768 http fetch GET 200 https://registry.npmjs.org/function-bind 34ms (cache miss)
769 silly packumentCache full:https://registry.npmjs.org/function-bind set size:undefined disposed:false
770 silly placeDep ROOT function-bind@1.1.2 OK for: hasown@2.0.4 want: ^1.1.2
771 silly placeDep ROOT queue-microtask@1.2.3 OK for: run-parallel@1.2.0 want: ^1.2.2
772 silly placeDep ROOT commander@4.1.1 OK for: sucrase@3.35.1 want: ^4.0.0
773 silly placeDep ROOT lines-and-columns@1.2.4 OK for: sucrase@3.35.1 want: ^1.1.6
774 silly placeDep ROOT mz@2.7.0 OK for: sucrase@3.35.1 want: ^2.7.0
775 silly placeDep ROOT pirates@4.0.7 OK for: sucrase@3.35.1 want: ^4.0.1
776 silly placeDep ROOT tinyglobby@0.2.17 OK for: sucrase@3.35.1 want: ^0.2.11
777 silly placeDep ROOT ts-interface-checker@0.1.13 OK for: sucrase@3.35.1 want: ^0.1.9
778 silly fetch manifest any-promise@^1.0.0
779 silly packumentCache full:https://registry.npmjs.org/any-promise cache-miss
780 silly fetch manifest object-assign@^4.0.1
781 silly packumentCache full:https://registry.npmjs.org/object-assign cache-miss
782 silly fetch manifest thenify-all@^1.0.0
783 silly packumentCache full:https://registry.npmjs.org/thenify-all cache-miss
784 silly fetch manifest fdir@^6.5.0
785 silly packumentCache full:https://registry.npmjs.org/fdir cache-miss
786 silly fetch manifest picomatch@^4.0.4
787 silly packumentCache full:https://registry.npmjs.org/picomatch cache-hit
788 http fetch GET 200 https://registry.npmjs.org/fdir 17ms (cache hit)
789 silly packumentCache full:https://registry.npmjs.org/fdir set size:136182 disposed:false
790 http fetch GET 200 https://registry.npmjs.org/object-assign 41ms (cache miss)
791 silly packumentCache full:https://registry.npmjs.org/object-assign set size:undefined disposed:false
792 http fetch GET 200 https://registry.npmjs.org/thenify-all 41ms (cache miss)
793 silly packumentCache full:https://registry.npmjs.org/thenify-all set size:undefined disposed:false
794 http fetch GET 200 https://registry.npmjs.org/any-promise 46ms (cache miss)
795 silly packumentCache full:https://registry.npmjs.org/any-promise set size:undefined disposed:false
796 silly placeDep ROOT any-promise@1.3.0 OK for: mz@2.7.0 want: ^1.0.0
797 silly placeDep ROOT object-assign@4.1.1 OK for: mz@2.7.0 want: ^4.0.1
798 silly placeDep ROOT thenify-all@1.6.0 OK for: mz@2.7.0 want: ^1.0.0
799 silly fetch manifest thenify@>= 3.1.0 < 4
800 silly packumentCache full:https://registry.npmjs.org/thenify cache-miss
801 http fetch GET 200 https://registry.npmjs.org/thenify 32ms (cache miss)
802 silly packumentCache full:https://registry.npmjs.org/thenify set size:undefined disposed:false
803 silly placeDep ROOT thenify@3.3.1 OK for: thenify-all@1.6.0 want: >= 3.1.0 < 4
804 silly placeDep node_modules/tinyglobby fdir@6.5.0 OK for: tinyglobby@0.2.17 want: ^6.5.0
805 silly placeDep node_modules/tinyglobby picomatch@4.0.7 OK for: fdir@6.5.0 want: ^3 || ^4
806 silly placeDep ROOT is-number@7.0.0 OK for: to-regex-range@5.0.1 want: ^7.0.0
807 silly placeDep ROOT escalade@3.2.0 OK for: update-browserslist-db@1.3.3 want: ^3.2.0
808 silly placeDep ROOT esbuild@0.25.12 OK for: vite@6.4.3 want: ^0.25.0
809 silly placeDep node_modules/vite fdir@6.5.0 OK for: vite@6.4.3 want: ^6.4.4
810 silly placeDep node_modules/vite picomatch@4.0.7 OK for: fdir@6.5.0 want: ^3 || ^4
811 silly placeDep ROOT rollup@4.63.5 OK for: vite@6.4.3 want: ^4.34.9
812 silly fetch manifest @esbuild/aix-ppc64@0.25.12
813 silly packumentCache full:https://registry.npmjs.org/@esbuild%2faix-ppc64 cache-miss
814 silly fetch manifest @esbuild/linux-arm@0.25.12
815 silly packumentCache full:https://registry.npmjs.org/@esbuild%2flinux-arm cache-miss
816 silly fetch manifest @esbuild/linux-x64@0.25.12
817 silly packumentCache full:https://registry.npmjs.org/@esbuild%2flinux-x64 cache-miss
818 silly fetch manifest @esbuild/sunos-x64@0.25.12
819 silly packumentCache full:https://registry.npmjs.org/@esbuild%2fsunos-x64 cache-miss
820 silly fetch manifest @esbuild/win32-x64@0.25.12
821 silly packumentCache full:https://registry.npmjs.org/@esbuild%2fwin32-x64 cache-miss
822 silly fetch manifest @esbuild/darwin-x64@0.25.12
823 silly packumentCache full:https://registry.npmjs.org/@esbuild%2fdarwin-x64 cache-miss
824 silly fetch manifest @esbuild/linux-ia32@0.25.12
825 silly packumentCache full:https://registry.npmjs.org/@esbuild%2flinux-ia32 cache-miss
826 silly fetch manifest @esbuild/netbsd-x64@0.25.12
827 silly packumentCache full:https://registry.npmjs.org/@esbuild%2fnetbsd-x64 cache-miss
828 silly fetch manifest @esbuild/win32-ia32@0.25.12
829 silly packumentCache full:https://registry.npmjs.org/@esbuild%2fwin32-ia32 cache-miss
830 silly fetch manifest @esbuild/android-arm@0.25.12
831 silly packumentCache full:https://registry.npmjs.org/@esbuild%2fandroid-arm cache-miss
832 silly fetch manifest @esbuild/android-x64@0.25.12
833 silly packumentCache full:https://registry.npmjs.org/@esbuild%2fandroid-x64 cache-miss
834 silly fetch manifest @esbuild/freebsd-x64@0.25.12
835 silly packumentCache full:https://registry.npmjs.org/@esbuild%2ffreebsd-x64 cache-miss
836 silly fetch manifest @esbuild/linux-arm64@0.25.12
837 silly packumentCache full:https://registry.npmjs.org/@esbuild%2flinux-arm64 cache-miss
838 silly fetch manifest @esbuild/linux-ppc64@0.25.12
839 silly packumentCache full:https://registry.npmjs.org/@esbuild%2flinux-ppc64 cache-miss
840 silly fetch manifest @esbuild/linux-s390x@0.25.12
841 silly packumentCache full:https://registry.npmjs.org/@esbuild%2flinux-s390x cache-miss
842 silly fetch manifest @esbuild/openbsd-x64@0.25.12
843 silly packumentCache full:https://registry.npmjs.org/@esbuild%2fopenbsd-x64 cache-miss
844 silly fetch manifest @esbuild/win32-arm64@0.25.12
845 silly packumentCache full:https://registry.npmjs.org/@esbuild%2fwin32-arm64 cache-miss
846 silly fetch manifest @esbuild/darwin-arm64@0.25.12
847 silly packumentCache full:https://registry.npmjs.org/@esbuild%2fdarwin-arm64 cache-miss
848 silly fetch manifest @esbuild/netbsd-arm64@0.25.12
849 silly packumentCache full:https://registry.npmjs.org/@esbuild%2fnetbsd-arm64 cache-miss
850 http fetch GET 200 https://registry.npmjs.org/@esbuild%2faix-ppc64 137ms (cache miss)
851 silly packumentCache full:https://registry.npmjs.org/@esbuild%2faix-ppc64 set size:undefined disposed:false
852 silly fetch manifest @esbuild/android-arm64@0.25.12
853 silly packumentCache full:https://registry.npmjs.org/@esbuild%2fandroid-arm64 cache-miss
854 http fetch GET 200 https://registry.npmjs.org/@esbuild%2fwin32-x64 141ms (cache miss)
855 silly packumentCache full:https://registry.npmjs.org/@esbuild%2fwin32-x64 set size:undefined disposed:false
856 silly fetch manifest @esbuild/freebsd-arm64@0.25.12
857 silly packumentCache full:https://registry.npmjs.org/@esbuild%2ffreebsd-arm64 cache-miss
858 http fetch GET 200 https://registry.npmjs.org/@esbuild%2fdarwin-x64 153ms (cache miss)
859 silly packumentCache full:https://registry.npmjs.org/@esbuild%2fdarwin-x64 set size:undefined disposed:false
860 silly fetch manifest @esbuild/linux-loong64@0.25.12
861 silly packumentCache full:https://registry.npmjs.org/@esbuild%2flinux-loong64 cache-miss
862 http fetch GET 200 https://registry.npmjs.org/@esbuild%2flinux-s390x 154ms (cache miss)
863 silly packumentCache full:https://registry.npmjs.org/@esbuild%2flinux-s390x set size:undefined disposed:false
864 silly fetch manifest @esbuild/linux-riscv64@0.25.12
865 silly packumentCache full:https://registry.npmjs.org/@esbuild%2flinux-riscv64 cache-miss
866 http fetch GET 200 https://registry.npmjs.org/@esbuild%2fnetbsd-x64 170ms (cache miss)
867 silly packumentCache full:https://registry.npmjs.org/@esbuild%2fnetbsd-x64 set size:undefined disposed:false
868 silly fetch manifest @esbuild/openbsd-arm64@0.25.12
869 silly packumentCache full:https://registry.npmjs.org/@esbuild%2fopenbsd-arm64 cache-miss
870 http fetch GET 200 https://registry.npmjs.org/@esbuild%2flinux-arm 180ms (cache miss)
871 silly packumentCache full:https://registry.npmjs.org/@esbuild%2flinux-arm set size:undefined disposed:false
872 silly fetch manifest @esbuild/linux-mips64el@0.25.12
873 silly packumentCache full:https://registry.npmjs.org/@esbuild%2flinux-mips64el cache-miss
874 http fetch GET 200 https://registry.npmjs.org/@esbuild%2ffreebsd-x64 175ms (cache miss)
875 silly packumentCache full:https://registry.npmjs.org/@esbuild%2ffreebsd-x64 set size:undefined disposed:false
876 silly fetch manifest @esbuild/openharmony-arm64@0.25.12
877 silly packumentCache full:https://registry.npmjs.org/@esbuild%2fopenharmony-arm64 cache-miss
878 http fetch GET 200 https://registry.npmjs.org/@esbuild%2flinux-arm64 182ms (cache miss)
879 silly packumentCache full:https://registry.npmjs.org/@esbuild%2flinux-arm64 set size:undefined disposed:false
880 silly fetch manifest @types/estree@1.0.9
881 silly packumentCache full:https://registry.npmjs.org/@types%2festree cache-miss
882 http fetch GET 200 https://registry.npmjs.org/@esbuild%2flinux-x64 194ms (cache miss)
883 silly packumentCache full:https://registry.npmjs.org/@esbuild%2flinux-x64 set size:undefined disposed:false
884 silly fetch manifest @rollup/rollup-darwin-x64@4.63.5
885 silly packumentCache full:https://registry.npmjs.org/@rollup%2frollup-darwin-x64 cache-miss
886 http fetch GET 200 https://registry.npmjs.org/@esbuild%2flinux-ia32 216ms (cache miss)
887 silly packumentCache full:https://registry.npmjs.org/@esbuild%2flinux-ia32 set size:undefined disposed:false
888 silly fetch manifest @rollup/rollup-freebsd-x64@4.63.5
889 silly packumentCache full:https://registry.npmjs.org/@rollup%2frollup-freebsd-x64 cache-miss
890 http fetch GET 200 https://registry.npmjs.org/@esbuild%2fopenbsd-x64 216ms (cache miss)
891 silly packumentCache full:https://registry.npmjs.org/@esbuild%2fopenbsd-x64 set size:undefined disposed:false
892 silly fetch manifest @rollup/rollup-openbsd-x64@4.63.5
893 silly packumentCache full:https://registry.npmjs.org/@rollup%2frollup-openbsd-x64 cache-miss
894 http fetch GET 200 https://registry.npmjs.org/@esbuild%2fandroid-x64 226ms (cache miss)
895 silly packumentCache full:https://registry.npmjs.org/@esbuild%2fandroid-x64 set size:undefined disposed:false
896 silly fetch manifest @napi-rs/lzma-linux-x64-gnu@1.5.1
897 silly packumentCache full:https://registry.npmjs.org/@napi-rs%2flzma-linux-x64-gnu cache-miss
898 http fetch GET 200 https://registry.npmjs.org/@esbuild%2fnetbsd-arm64 230ms (cache miss)
899 silly packumentCache full:https://registry.npmjs.org/@esbuild%2fnetbsd-arm64 set size:undefined disposed:false
900 silly fetch manifest @rollup/rollup-darwin-arm64@4.63.5
901 silly packumentCache full:https://registry.npmjs.org/@rollup%2frollup-darwin-arm64 cache-miss
902 http fetch GET 200 https://registry.npmjs.org/@esbuild%2fwin32-ia32 247ms (cache miss)
903 silly packumentCache full:https://registry.npmjs.org/@esbuild%2fwin32-ia32 set size:undefined disposed:false
904 silly fetch manifest @rollup/rollup-android-arm64@4.63.5
905 silly packumentCache full:https://registry.npmjs.org/@rollup%2frollup-android-arm64 cache-miss
906 http fetch GET 200 https://registry.npmjs.org/@esbuild%2flinux-ppc64 285ms (cache miss)
907 silly packumentCache full:https://registry.npmjs.org/@esbuild%2flinux-ppc64 set size:undefined disposed:false
908 silly fetch manifest @rollup/rollup-freebsd-arm64@4.63.5
909 silly packumentCache full:https://registry.npmjs.org/@rollup%2frollup-freebsd-arm64 cache-miss
910 http fetch GET 200 https://registry.npmjs.org/@esbuild%2fandroid-arm 300ms (cache miss)
911 silly packumentCache full:https://registry.npmjs.org/@esbuild%2fandroid-arm set size:undefined disposed:false
912 silly fetch manifest @rollup/rollup-linux-x64-gnu@4.63.5
913 silly packumentCache full:https://registry.npmjs.org/@rollup%2frollup-linux-x64-gnu cache-miss
914 http fetch GET 200 https://registry.npmjs.org/@esbuild%2fwin32-arm64 297ms (cache miss)
915 silly packumentCache full:https://registry.npmjs.org/@esbuild%2fwin32-arm64 set size:undefined disposed:false
916 silly fetch manifest @rollup/rollup-win32-x64-gnu@4.63.5
917 silly packumentCache full:https://registry.npmjs.org/@rollup%2frollup-win32-x64-gnu cache-miss
918 http fetch GET 200 https://registry.npmjs.org/@esbuild%2fopenbsd-arm64 162ms (cache miss)
919 silly packumentCache full:https://registry.npmjs.org/@esbuild%2fopenbsd-arm64 set size:undefined disposed:false
920 silly fetch manifest @rollup/rollup-linux-x64-musl@4.63.5
921 silly packumentCache full:https://registry.npmjs.org/@rollup%2frollup-linux-x64-musl cache-miss
922 http fetch GET 200 https://registry.npmjs.org/@esbuild%2fopenharmony-arm64 158ms (cache miss)
923 silly packumentCache full:https://registry.npmjs.org/@esbuild%2fopenharmony-arm64 set size:undefined disposed:false
924 silly fetch manifest @rollup/rollup-win32-x64-msvc@4.63.5
925 silly packumentCache full:https://registry.npmjs.org/@rollup%2frollup-win32-x64-msvc cache-miss
926 http fetch GET 200 https://registry.npmjs.org/@types%2festree 154ms (cache miss)
927 silly packumentCache full:https://registry.npmjs.org/@types%2festree set size:undefined disposed:false
928 silly fetch manifest @rollup/rollup-linux-arm64-gnu@4.63.5
929 silly packumentCache full:https://registry.npmjs.org/@rollup%2frollup-linux-arm64-gnu cache-miss
930 http fetch GET 200 https://registry.npmjs.org/@rollup%2frollup-openbsd-x64 131ms (cache miss)
931 silly packumentCache full:https://registry.npmjs.org/@rollup%2frollup-openbsd-x64 set size:undefined disposed:false
932 silly fetch manifest @rollup/rollup-linux-ppc64-gnu@4.63.5
933 silly packumentCache full:https://registry.npmjs.org/@rollup%2frollup-linux-ppc64-gnu cache-miss
934 http fetch GET 200 https://registry.npmjs.org/@napi-rs%2flzma-linux-x64-gnu 130ms (cache miss)
935 silly packumentCache full:https://registry.npmjs.org/@napi-rs%2flzma-linux-x64-gnu set size:undefined disposed:false
936 silly fetch manifest @rollup/rollup-linux-s390x-gnu@4.63.5
937 silly packumentCache full:https://registry.npmjs.org/@rollup%2frollup-linux-s390x-gnu cache-miss
938 http fetch GET 200 https://registry.npmjs.org/@esbuild%2fandroid-arm64 235ms (cache miss)
939 silly packumentCache full:https://registry.npmjs.org/@esbuild%2fandroid-arm64 set size:undefined disposed:false
940 silly fetch manifest @rollup/rollup-win32-ia32-msvc@4.63.5
941 silly packumentCache full:https://registry.npmjs.org/@rollup%2frollup-win32-ia32-msvc cache-miss
942 http fetch GET 200 https://registry.npmjs.org/@esbuild%2flinux-riscv64 211ms (cache miss)
943 silly packumentCache full:https://registry.npmjs.org/@esbuild%2flinux-riscv64 set size:undefined disposed:false
944 silly fetch manifest @rollup/rollup-android-arm-eabi@4.63.5
945 silly packumentCache full:https://registry.npmjs.org/@rollup%2frollup-android-arm-eabi cache-miss
946 http fetch GET 200 https://registry.npmjs.org/@esbuild%2flinux-mips64el 201ms (cache miss)
947 silly packumentCache full:https://registry.npmjs.org/@esbuild%2flinux-mips64el set size:undefined disposed:false
948 silly fetch manifest @rollup/rollup-linux-arm64-musl@4.63.5
949 silly packumentCache full:https://registry.npmjs.org/@rollup%2frollup-linux-arm64-musl cache-miss
950 http fetch GET 200 https://registry.npmjs.org/@esbuild%2ffreebsd-arm64 250ms (cache miss)
951 silly packumentCache full:https://registry.npmjs.org/@esbuild%2ffreebsd-arm64 set size:undefined disposed:false
952 silly fetch manifest @rollup/rollup-linux-ppc64-musl@4.63.5
953 silly packumentCache full:https://registry.npmjs.org/@rollup%2frollup-linux-ppc64-musl cache-miss
954 http fetch GET 200 https://registry.npmjs.org/@esbuild%2flinux-loong64 242ms (cache miss)
955 silly packumentCache full:https://registry.npmjs.org/@esbuild%2flinux-loong64 set size:undefined disposed:false
956 silly fetch manifest @rollup/rollup-win32-arm64-msvc@4.63.5
957 silly packumentCache full:https://registry.npmjs.org/@rollup%2frollup-win32-arm64-msvc cache-miss
958 http fetch GET 200 https://registry.npmjs.org/@rollup%2frollup-freebsd-x64 202ms (cache miss)
959 silly packumentCache full:https://registry.npmjs.org/@rollup%2frollup-freebsd-x64 set size:undefined disposed:false
960 silly fetch manifest @rollup/rollup-linux-loong64-gnu@4.63.5
961 silly packumentCache full:https://registry.npmjs.org/@rollup%2frollup-linux-loong64-gnu cache-miss
962 http fetch GET 200 https://registry.npmjs.org/@esbuild%2fsunos-x64 429ms (cache miss)
963 silly packumentCache full:https://registry.npmjs.org/@esbuild%2fsunos-x64 set size:undefined disposed:false
964 silly fetch manifest @rollup/rollup-linux-riscv64-gnu@4.63.5
965 silly packumentCache full:https://registry.npmjs.org/@rollup%2frollup-linux-riscv64-gnu cache-miss
966 http fetch GET 200 https://registry.npmjs.org/@rollup%2frollup-darwin-x64 254ms (cache miss)
967 silly packumentCache full:https://registry.npmjs.org/@rollup%2frollup-darwin-x64 set size:undefined disposed:false
968 silly fetch manifest @rollup/rollup-openharmony-arm64@4.63.5
969 silly packumentCache full:https://registry.npmjs.org/@rollup%2frollup-openharmony-arm64 cache-miss
970 http fetch GET 200 https://registry.npmjs.org/@rollup%2frollup-win32-x64-gnu 157ms (cache miss)
971 silly packumentCache full:https://registry.npmjs.org/@rollup%2frollup-win32-x64-gnu set size:undefined disposed:false
972 silly fetch manifest @rollup/rollup-linux-loong64-musl@4.63.5
973 silly packumentCache full:https://registry.npmjs.org/@rollup%2frollup-linux-loong64-musl cache-miss
974 http fetch GET 200 https://registry.npmjs.org/@esbuild%2fdarwin-arm64 458ms (cache miss)
975 silly packumentCache full:https://registry.npmjs.org/@esbuild%2fdarwin-arm64 set size:undefined disposed:false
976 silly fetch manifest @rollup/rollup-linux-riscv64-musl@4.63.5
977 silly packumentCache full:https://registry.npmjs.org/@rollup%2frollup-linux-riscv64-musl cache-miss
978 http fetch GET 200 https://registry.npmjs.org/@rollup%2frollup-android-arm64 242ms (cache miss)
979 silly packumentCache full:https://registry.npmjs.org/@rollup%2frollup-android-arm64 set size:undefined disposed:false
980 silly fetch manifest @rollup/rollup-linux-arm-gnueabihf@4.63.5
981 silly packumentCache full:https://registry.npmjs.org/@rollup%2frollup-linux-arm-gnueabihf cache-miss
982 http fetch GET 200 https://registry.npmjs.org/@rollup%2frollup-darwin-arm64 256ms (cache miss)
983 silly packumentCache full:https://registry.npmjs.org/@rollup%2frollup-darwin-arm64 set size:undefined disposed:false
984 silly fetch manifest @rollup/rollup-linux-arm-musleabihf@4.63.5
985 silly packumentCache full:https://registry.npmjs.org/@rollup%2frollup-linux-arm-musleabihf cache-miss
986 http fetch GET 200 https://registry.npmjs.org/@rollup%2frollup-freebsd-arm64 225ms (cache miss)
987 silly packumentCache full:https://registry.npmjs.org/@rollup%2frollup-freebsd-arm64 set size:undefined disposed:false
988 http fetch GET 200 https://registry.npmjs.org/@rollup%2frollup-linux-ppc64-musl 130ms (cache miss)
989 silly packumentCache full:https://registry.npmjs.org/@rollup%2frollup-linux-ppc64-musl set size:undefined disposed:false
990 http fetch GET 200 https://registry.npmjs.org/@rollup%2frollup-linux-ppc64-gnu 167ms (cache miss)
991 silly packumentCache full:https://registry.npmjs.org/@rollup%2frollup-linux-ppc64-gnu set size:undefined disposed:false
992 http fetch GET 200 https://registry.npmjs.org/@rollup%2frollup-linux-loong64-gnu 121ms (cache miss)
993 silly packumentCache full:https://registry.npmjs.org/@rollup%2frollup-linux-loong64-gnu set size:undefined disposed:false
994 http fetch GET 200 https://registry.npmjs.org/@rollup%2frollup-linux-arm64-gnu 203ms (cache miss)
995 silly packumentCache full:https://registry.npmjs.org/@rollup%2frollup-linux-arm64-gnu set size:undefined disposed:false
996 http fetch GET 200 https://registry.npmjs.org/@rollup%2frollup-linux-x64-gnu 250ms (cache miss)
997 silly packumentCache full:https://registry.npmjs.org/@rollup%2frollup-linux-x64-gnu set size:undefined disposed:false
998 http fetch GET 200 https://registry.npmjs.org/@rollup%2frollup-linux-loong64-musl 92ms (cache miss)
999 silly packumentCache full:https://registry.npmjs.org/@rollup%2frollup-linux-loong64-musl set size:undefined disposed:false
1000 http fetch GET 200 https://registry.npmjs.org/@rollup%2frollup-linux-x64-musl 222ms (cache miss)
1001 silly packumentCache full:https://registry.npmjs.org/@rollup%2frollup-linux-x64-musl set size:undefined disposed:false
1002 http fetch GET 200 https://registry.npmjs.org/@rollup%2frollup-win32-x64-msvc 224ms (cache miss)
1003 silly packumentCache full:https://registry.npmjs.org/@rollup%2frollup-win32-x64-msvc set size:undefined disposed:false
1004 http fetch GET 200 https://registry.npmjs.org/@rollup%2frollup-linux-arm64-musl 192ms (cache miss)
1005 silly packumentCache full:https://registry.npmjs.org/@rollup%2frollup-linux-arm64-musl set size:undefined disposed:false
1006 http fetch GET 200 https://registry.npmjs.org/@rollup%2frollup-win32-ia32-msvc 210ms (cache miss)
1007 silly packumentCache full:https://registry.npmjs.org/@rollup%2frollup-win32-ia32-msvc set size:undefined disposed:false
1008 http fetch GET 200 https://registry.npmjs.org/@rollup%2frollup-openharmony-arm64 136ms (cache miss)
1009 silly packumentCache full:https://registry.npmjs.org/@rollup%2frollup-openharmony-arm64 set size:undefined disposed:false
1010 http fetch GET 200 https://registry.npmjs.org/@rollup%2frollup-android-arm-eabi 211ms (cache miss)
1011 silly packumentCache full:https://registry.npmjs.org/@rollup%2frollup-android-arm-eabi set size:undefined disposed:false
1012 http fetch GET 200 https://registry.npmjs.org/@rollup%2frollup-linux-riscv64-musl 121ms (cache miss)
1013 silly packumentCache full:https://registry.npmjs.org/@rollup%2frollup-linux-riscv64-musl set size:undefined disposed:false
1014 http fetch GET 200 https://registry.npmjs.org/@rollup%2frollup-linux-riscv64-gnu 168ms (cache miss)
1015 silly packumentCache full:https://registry.npmjs.org/@rollup%2frollup-linux-riscv64-gnu set size:undefined disposed:false
1016 http fetch GET 200 https://registry.npmjs.org/@rollup%2frollup-win32-arm64-msvc 201ms (cache miss)
1017 silly packumentCache full:https://registry.npmjs.org/@rollup%2frollup-win32-arm64-msvc set size:undefined disposed:false
1018 http fetch GET 200 https://registry.npmjs.org/@rollup%2frollup-linux-s390x-gnu 282ms (cache miss)
1019 silly packumentCache full:https://registry.npmjs.org/@rollup%2frollup-linux-s390x-gnu set size:undefined disposed:false
1020 http fetch GET 200 https://registry.npmjs.org/@rollup%2frollup-linux-arm-musleabihf 177ms (cache miss)
1021 silly packumentCache full:https://registry.npmjs.org/@rollup%2frollup-linux-arm-musleabihf set size:undefined disposed:false
1022 http fetch GET 200 https://registry.npmjs.org/@rollup%2frollup-linux-arm-gnueabihf 381ms (cache miss)
1023 silly packumentCache full:https://registry.npmjs.org/@rollup%2frollup-linux-arm-gnueabihf set size:undefined disposed:false
1024 silly placeDep ROOT @esbuild/aix-ppc64@0.25.12 OK for: esbuild@0.25.12 want: 0.25.12
1025 silly placeDep ROOT @esbuild/android-arm@0.25.12 OK for: esbuild@0.25.12 want: 0.25.12
1026 silly placeDep ROOT @esbuild/android-arm64@0.25.12 OK for: esbuild@0.25.12 want: 0.25.12
1027 silly placeDep ROOT @esbuild/android-x64@0.25.12 OK for: esbuild@0.25.12 want: 0.25.12
1028 silly placeDep ROOT @esbuild/darwin-arm64@0.25.12 OK for: esbuild@0.25.12 want: 0.25.12
1029 silly placeDep ROOT @esbuild/darwin-x64@0.25.12 OK for: esbuild@0.25.12 want: 0.25.12
1030 silly placeDep ROOT @esbuild/freebsd-arm64@0.25.12 OK for: esbuild@0.25.12 want: 0.25.12
1031 silly placeDep ROOT @esbuild/freebsd-x64@0.25.12 OK for: esbuild@0.25.12 want: 0.25.12
1032 silly placeDep ROOT @esbuild/linux-arm@0.25.12 OK for: esbuild@0.25.12 want: 0.25.12
1033 silly placeDep ROOT @esbuild/linux-arm64@0.25.12 OK for: esbuild@0.25.12 want: 0.25.12
1034 silly placeDep ROOT @esbuild/linux-ia32@0.25.12 OK for: esbuild@0.25.12 want: 0.25.12
1035 silly placeDep ROOT @esbuild/linux-loong64@0.25.12 OK for: esbuild@0.25.12 want: 0.25.12
1036 silly placeDep ROOT @esbuild/linux-mips64el@0.25.12 OK for: esbuild@0.25.12 want: 0.25.12
1037 silly placeDep ROOT @esbuild/linux-ppc64@0.25.12 OK for: esbuild@0.25.12 want: 0.25.12
1038 silly placeDep ROOT @esbuild/linux-riscv64@0.25.12 OK for: esbuild@0.25.12 want: 0.25.12
1039 silly placeDep ROOT @esbuild/linux-s390x@0.25.12 OK for: esbuild@0.25.12 want: 0.25.12
1040 silly placeDep ROOT @esbuild/linux-x64@0.25.12 OK for: esbuild@0.25.12 want: 0.25.12
1041 silly placeDep ROOT @esbuild/netbsd-arm64@0.25.12 OK for: esbuild@0.25.12 want: 0.25.12
1042 silly placeDep ROOT @esbuild/netbsd-x64@0.25.12 OK for: esbuild@0.25.12 want: 0.25.12
1043 silly placeDep ROOT @esbuild/openbsd-arm64@0.25.12 OK for: esbuild@0.25.12 want: 0.25.12
1044 silly placeDep ROOT @esbuild/openbsd-x64@0.25.12 OK for: esbuild@0.25.12 want: 0.25.12
1045 silly placeDep ROOT @esbuild/openharmony-arm64@0.25.12 OK for: esbuild@0.25.12 want: 0.25.12
1046 silly placeDep ROOT @esbuild/sunos-x64@0.25.12 OK for: esbuild@0.25.12 want: 0.25.12
1047 silly placeDep ROOT @esbuild/win32-arm64@0.25.12 OK for: esbuild@0.25.12 want: 0.25.12
1048 silly placeDep ROOT @esbuild/win32-ia32@0.25.12 OK for: esbuild@0.25.12 want: 0.25.12
1049 silly placeDep ROOT @esbuild/win32-x64@0.25.12 OK for: esbuild@0.25.12 want: 0.25.12
1050 silly placeDep ROOT @napi-rs/lzma-linux-x64-gnu@1.5.1 OK for: rollup@4.63.5 want: 1.5.1
1051 silly placeDep ROOT @rollup/rollup-android-arm-eabi@4.63.5 OK for: rollup@4.63.5 want: 4.63.5
1052 silly placeDep ROOT @rollup/rollup-android-arm64@4.63.5 OK for: rollup@4.63.5 want: 4.63.5
1053 silly placeDep ROOT @rollup/rollup-darwin-arm64@4.63.5 OK for: rollup@4.63.5 want: 4.63.5
1054 silly placeDep ROOT @rollup/rollup-darwin-x64@4.63.5 OK for: rollup@4.63.5 want: 4.63.5
1055 silly placeDep ROOT @rollup/rollup-freebsd-arm64@4.63.5 OK for: rollup@4.63.5 want: 4.63.5
1056 silly placeDep ROOT @rollup/rollup-freebsd-x64@4.63.5 OK for: rollup@4.63.5 want: 4.63.5
1057 silly placeDep ROOT @rollup/rollup-linux-arm-gnueabihf@4.63.5 OK for: rollup@4.63.5 want: 4.63.5
1058 silly placeDep ROOT @rollup/rollup-linux-arm-musleabihf@4.63.5 OK for: rollup@4.63.5 want: 4.63.5
1059 silly placeDep ROOT @rollup/rollup-linux-arm64-gnu@4.63.5 OK for: rollup@4.63.5 want: 4.63.5
1060 silly placeDep ROOT @rollup/rollup-linux-arm64-musl@4.63.5 OK for: rollup@4.63.5 want: 4.63.5
1061 silly placeDep ROOT @rollup/rollup-linux-loong64-gnu@4.63.5 OK for: rollup@4.63.5 want: 4.63.5
1062 silly placeDep ROOT @rollup/rollup-linux-loong64-musl@4.63.5 OK for: rollup@4.63.5 want: 4.63.5
1063 silly placeDep ROOT @rollup/rollup-linux-ppc64-gnu@4.63.5 OK for: rollup@4.63.5 want: 4.63.5
1064 silly placeDep ROOT @rollup/rollup-linux-ppc64-musl@4.63.5 OK for: rollup@4.63.5 want: 4.63.5
1065 silly placeDep ROOT @rollup/rollup-linux-riscv64-gnu@4.63.5 OK for: rollup@4.63.5 want: 4.63.5
1066 silly placeDep ROOT @rollup/rollup-linux-riscv64-musl@4.63.5 OK for: rollup@4.63.5 want: 4.63.5
1067 silly placeDep ROOT @rollup/rollup-linux-s390x-gnu@4.63.5 OK for: rollup@4.63.5 want: 4.63.5
1068 silly placeDep ROOT @rollup/rollup-linux-x64-gnu@4.63.5 OK for: rollup@4.63.5 want: 4.63.5
1069 silly placeDep ROOT @rollup/rollup-linux-x64-musl@4.63.5 OK for: rollup@4.63.5 want: 4.63.5
1070 silly placeDep ROOT @rollup/rollup-openbsd-x64@4.63.5 OK for: rollup@4.63.5 want: 4.63.5
1071 silly placeDep ROOT @rollup/rollup-openharmony-arm64@4.63.5 OK for: rollup@4.63.5 want: 4.63.5
1072 silly placeDep ROOT @rollup/rollup-win32-arm64-msvc@4.63.5 OK for: rollup@4.63.5 want: 4.63.5
1073 silly placeDep ROOT @rollup/rollup-win32-ia32-msvc@4.63.5 OK for: rollup@4.63.5 want: 4.63.5
1074 silly placeDep ROOT @rollup/rollup-win32-x64-gnu@4.63.5 OK for: rollup@4.63.5 want: 4.63.5
1075 silly placeDep ROOT @rollup/rollup-win32-x64-msvc@4.63.5 OK for: rollup@4.63.5 want: 4.63.5
1076 silly placeDep ROOT @types/estree@1.0.9 OK for: rollup@4.63.5 want: 1.0.9
1077 silly reify moves {}
1078 silly audit bulk request {
1078 silly audit   '@vitejs/plugin-react': [ '4.7.0' ],
1078 silly audit   vite: [ '6.4.3' ],
1078 silly audit   autoprefixer: [ '10.6.1' ],
1078 silly audit   postcss: [ '8.5.28' ],
1078 silly audit   react: [ '18.3.1' ],
1078 silly audit   'react-dom': [ '18.3.1' ],
1078 silly audit   tailwindcss: [ '3.4.19' ],
1078 silly audit   '@babel/core': [ '7.29.7' ],
1078 silly audit   '@babel/plugin-transform-react-jsx-self': [ '7.29.7' ],
1078 silly audit   '@babel/plugin-transform-react-jsx-source': [ '7.29.7' ],
1078 silly audit   '@rolldown/pluginutils': [ '1.0.0-beta.27' ],
1078 silly audit   '@types/babel__core': [ '7.20.5' ],
1078 silly audit   'react-refresh': [ '0.17.0' ],
1078 silly audit   '@babel/code-frame': [ '7.29.7' ],
1078 silly audit   '@babel/generator': [ '7.29.8' ],
1078 silly audit   '@babel/helper-compilation-targets': [ '7.29.7' ],
1078 silly audit   '@babel/helper-module-transforms': [ '7.29.7' ],
1078 silly audit   '@babel/helpers': [ '7.29.7' ],
1078 silly audit   '@babel/parser': [ '7.29.9' ],
1078 silly audit   '@babel/template': [ '7.29.7' ],
1078 silly audit   '@babel/traverse': [ '7.29.8' ],
1078 silly audit   '@babel/types': [ '7.29.8' ],
1078 silly audit   '@jridgewell/remapping': [ '2.3.5' ],
1078 silly audit   'convert-source-map': [ '2.0.0' ],
1078 silly audit   debug: [ '4.4.3' ],
1078 silly audit   gensync: [ '1.0.0-beta.2' ],
1078 silly audit   json5: [ '2.2.3' ],
1078 silly audit   semver: [ '6.3.1' ],
1078 silly audit   '@babel/helper-validator-identifier': [ '7.29.7' ],
1078 silly audit   'js-tokens': [ '4.0.0' ],
1078 silly audit   picocolors: [ '1.1.1' ],
1078 silly audit   '@jridgewell/gen-mapping': [ '0.3.13' ],
1078 silly audit   '@jridgewell/trace-mapping': [ '0.3.31' ],
1078 silly audit   jsesc: [ '3.1.0' ],
1078 silly audit   '@babel/compat-data': [ '7.29.7' ],
1078 silly audit   '@babel/helper-validator-option': [ '7.29.7' ],
1078 silly audit   browserslist: [ '4.29.3' ],
1078 silly audit   'lru-cache': [ '5.1.1' ],
1078 silly audit   '@babel/helper-module-imports': [ '7.29.7' ],
1078 silly audit   '@babel/helper-plugin-utils': [ '7.29.7' ],
1078 silly audit   '@babel/helper-globals': [ '7.29.7' ],
1078 silly audit   '@babel/helper-string-parser': [ '7.29.7' ],
1078 silly audit   '@jridgewell/sourcemap-codec': [ '1.6.0' ],
1078 silly audit   '@jridgewell/resolve-uri': [ '3.1.2' ],
1078 silly audit   '@types/babel__generator': [ '7.27.0' ],
1078 silly audit   '@types/babel__template': [ '7.4.4' ],
1078 silly audit   '@types/babel__traverse': [ '7.28.0' ],
1078 silly audit   'caniuse-lite': [ '1.0.30001814' ],
1078 silly audit   'fraction.js': [ '5.3.4' ],
1078 silly audit   'postcss-value-parser': [ '4.2.0' ],
1078 silly audit   'baseline-browser-mapping': [ '2.11.26' ],
1078 silly audit   'electron-to-chromium': [ '1.5.442' ],
1078 silly audit   'node-releases': [ '2.0.57' ],
1078 silly audit   'update-browserslist-db': [ '1.3.3' ],
1078 silly audit   ms: [ '2.1.3' ],
1078 silly audit   yallist: [ '3.1.1' ],
1078 silly audit   nanoid: [ '3.3.19' ],
1078 silly audit   'source-map-js': [ '1.2.1' ],
1078 silly audit   'loose-envify': [ '1.4.0' ],
1078 silly audit   scheduler: [ '0.23.2' ],
1078 silly audit   '@alloc/quick-lru': [ '5.3.0' ],
1078 silly audit   arg: [ '5.0.2' ],
1078 silly audit   chokidar: [ '3.6.0' ],
1078 silly audit   didyoumean: [ '1.2.2' ],
1078 silly audit   dlv: [ '1.1.3' ],
1078 silly audit   'fast-glob': [ '3.3.3' ],
1078 silly audit   'glob-parent': [ '6.0.2', '5.1.2' ],
1078 silly audit   'is-glob': [ '4.0.3' ],
1078 silly audit   jiti: [ '1.21.7' ],
1078 silly audit   lilconfig: [ '3.1.3' ],
1078 silly audit   micromatch: [ '4.0.8' ],
1078 silly audit   'normalize-path': [ '3.0.0' ],
1078 silly audit   'object-hash': [ '3.0.0' ],
1078 silly audit   'postcss-import': [ '15.1.0' ],
1078 silly audit   'postcss-js': [ '4.1.0' ],
1078 silly audit   'postcss-load-config': [ '6.0.1' ],
1078 silly audit   'postcss-nested': [ '6.2.0' ],
1078 silly audit   'postcss-selector-parser': [ '6.1.4' ],
1078 silly audit   resolve: [ '1.22.12' ],
1078 silly audit   sucrase: [ '3.35.1' ],
1078 silly audit   anymatch: [ '3.1.3' ],
1078 silly audit   braces: [ '3.0.3' ],
1078 silly audit   fsevents: [ '2.3.3' ],
1078 silly audit   'is-binary-path': [ '2.1.0' ],
1078 silly audit   readdirp: [ '3.6.0' ],
1078 silly audit   picomatch: [ '2.3.2', '4.0.7' ],
1078 silly audit   'fill-range': [ '7.1.1' ],
1078 silly audit   '@nodelib/fs.stat': [ '2.0.5' ],
1078 silly audit   '@nodelib/fs.walk': [ '1.2.8' ],
1078 silly audit   merge2: [ '1.4.1' ],
1078 silly audit   '@nodelib/fs.scandir': [ '2.1.5' ],
1078 silly audit   fastq: [ '1.20.3' ],
1078 silly audit   'run-parallel': [ '1.2.0' ],
1078 silly audit   reusify: [ '1.1.0' ],
1078 silly audit   'to-regex-range': [ '5.0.1' ],
1078 silly audit   'binary-extensions': [ '2.3.0' ],
1078 silly audit   'is-extglob': [ '2.1.1' ],
1078 silly audit   'read-cache': [ '1.0.2' ],
1078 silly audit   'camelcase-css': [ '2.0.1' ],
1078 silly audit   cssesc: [ '3.0.0' ],
1078 silly audit   'util-deprecate': [ '1.0.2' ],
1078 silly audit   'es-errors': [ '1.3.0' ],
1078 silly audit   'is-core-module': [ '2.17.0' ],
1078 silly audit   'path-parse': [ '1.0.7' ],
1078 silly audit   'supports-preserve-symlinks-flag': [ '1.0.0' ],
1078 silly audit   hasown: [ '2.0.4' ],
1078 silly audit   'function-bind': [ '1.1.2' ],
1078 silly audit   'queue-microtask': [ '1.2.3' ],
1078 silly audit   commander: [ '4.1.1' ],
1078 silly audit   'lines-and-columns': [ '1.2.4' ],
1078 silly audit   mz: [ '2.7.0' ],
1078 silly audit   pirates: [ '4.0.7' ],
1078 silly audit   tinyglobby: [ '0.2.17' ],
1078 silly audit   'ts-interface-checker': [ '0.1.13' ],
1078 silly audit   'any-promise': [ '1.3.0' ],
1078 silly audit   'object-assign': [ '4.1.1' ],
1078 silly audit   'thenify-all': [ '1.6.0' ],
1078 silly audit   thenify: [ '3.3.1' ],
1078 silly audit   fdir: [ '6.5.0' ],
1078 silly audit   'is-number': [ '7.0.0' ],
1078 silly audit   escalade: [ '3.2.0' ],
1078 silly audit   esbuild: [ '0.25.12' ],
1078 silly audit   rollup: [ '4.63.5' ],
1078 silly audit   '@esbuild/aix-ppc64': [ '0.25.12' ],
1078 silly audit   '@esbuild/android-arm': [ '0.25.12' ],
1078 silly audit   '@esbuild/android-arm64': [ '0.25.12' ],
1078 silly audit   '@esbuild/android-x64': [ '0.25.12' ],
1078 silly audit   '@esbuild/darwin-arm64': [ '0.25.12' ],
1078 silly audit   '@esbuild/darwin-x64': [ '0.25.12' ],
1078 silly audit   '@esbuild/freebsd-arm64': [ '0.25.12' ],
1078 silly audit   '@esbuild/freebsd-x64': [ '0.25.12' ],
1078 silly audit   '@esbuild/linux-arm': [ '0.25.12' ],
1078 silly audit   '@esbuild/linux-arm64': [ '0.25.12' ],
1078 silly audit   '@esbuild/linux-ia32': [ '0.25.12' ],
1078 silly audit   '@esbuild/linux-loong64': [ '0.25.12' ],
1078 silly audit   '@esbuild/linux-mips64el': [ '0.25.12' ],
1078 silly audit   '@esbuild/linux-ppc64': [ '0.25.12' ],
1078 silly audit   '@esbuild/linux-riscv64': [ '0.25.12' ],
1078 silly audit   '@esbuild/linux-s390x': [ '0.25.12' ],
1078 silly audit   '@esbuild/linux-x64': [ '0.25.12' ],
1078 silly audit   '@esbuild/netbsd-arm64': [ '0.25.12' ],
1078 silly audit   '@esbuild/netbsd-x64': [ '0.25.12' ],
1078 silly audit   '@esbuild/openbsd-arm64': [ '0.25.12' ],
1078 silly audit   '@esbuild/openbsd-x64': [ '0.25.12' ],
1078 silly audit   '@esbuild/openharmony-arm64': [ '0.25.12' ],
1078 silly audit   '@esbuild/sunos-x64': [ '0.25.12' ],
1078 silly audit   '@esbuild/win32-arm64': [ '0.25.12' ],
1078 silly audit   '@esbuild/win32-ia32': [ '0.25.12' ],
1078 silly audit   '@esbuild/win32-x64': [ '0.25.12' ],
1078 silly audit   '@napi-rs/lzma-linux-x64-gnu': [ '1.5.1' ],
1078 silly audit   '@rollup/rollup-android-arm-eabi': [ '4.63.5' ],
1078 silly audit   '@rollup/rollup-android-arm64': [ '4.63.5' ],
1078 silly audit   '@rollup/rollup-darwin-arm64': [ '4.63.5' ],
1078 silly audit   '@rollup/rollup-darwin-x64': [ '4.63.5' ],
1078 silly audit   '@rollup/rollup-freebsd-arm64': [ '4.63.5' ],
1078 silly audit   '@rollup/rollup-freebsd-x64': [ '4.63.5' ],
1078 silly audit   '@rollup/rollup-linux-arm-gnueabihf': [ '4.63.5' ],
1078 silly audit   '@rollup/rollup-linux-arm-musleabihf': [ '4.63.5' ],
1078 silly audit   '@rollup/rollup-linux-arm64-gnu': [ '4.63.5' ],
1078 silly audit   '@rollup/rollup-linux-arm64-musl': [ '4.63.5' ],
1078 silly audit   '@rollup/rollup-linux-loong64-gnu': [ '4.63.5' ],
1078 silly audit   '@rollup/rollup-linux-loong64-musl': [ '4.63.5' ],
1078 silly audit   '@rollup/rollup-linux-ppc64-gnu': [ '4.63.5' ],
1078 silly audit   '@rollup/rollup-linux-ppc64-musl': [ '4.63.5' ],
1078 silly audit   '@rollup/rollup-linux-riscv64-gnu': [ '4.63.5' ],
1078 silly audit   '@rollup/rollup-linux-riscv64-musl': [ '4.63.5' ],
1078 silly audit   '@rollup/rollup-linux-s390x-gnu': [ '4.63.5' ],
1078 silly audit   '@rollup/rollup-linux-x64-gnu': [ '4.63.5' ],
1078 silly audit   '@rollup/rollup-linux-x64-musl': [ '4.63.5' ],
1078 silly audit   '@rollup/rollup-openbsd-x64': [ '4.63.5' ],
1078 silly audit   '@rollup/rollup-openharmony-arm64': [ '4.63.5' ],
1078 silly audit   '@rollup/rollup-win32-arm64-msvc': [ '4.63.5' ],
1078 silly audit   '@rollup/rollup-win32-ia32-msvc': [ '4.63.5' ],
1078 silly audit   '@rollup/rollup-win32-x64-gnu': [ '4.63.5' ],
1078 silly audit   '@rollup/rollup-win32-x64-msvc': [ '4.63.5' ],
1078 silly audit   '@types/estree': [ '1.0.9' ]
1078 silly audit }
1079 verbose reify failed optional dependency C:\Users\kvr19\Downloads\Flowforge\mvp\frontend\node_modules\@rollup\rollup-win32-ia32-msvc
1080 silly reify mark deleted [
1080 silly reify   'C:\\Users\\kvr19\\Downloads\\Flowforge\\mvp\\frontend\\node_modules\\@rollup\\rollup-win32-ia32-msvc'
1080 silly reify ]
1081 verbose reify failed optional dependency C:\Users\kvr19\Downloads\Flowforge\mvp\frontend\node_modules\@rollup\rollup-win32-arm64-msvc
1082 silly reify mark deleted [
1082 silly reify   'C:\\Users\\kvr19\\Downloads\\Flowforge\\mvp\\frontend\\node_modules\\@rollup\\rollup-win32-arm64-msvc'
1082 silly reify ]
1083 verbose reify failed optional dependency C:\Users\kvr19\Downloads\Flowforge\mvp\frontend\node_modules\@rollup\rollup-openharmony-arm64
1084 silly reify mark deleted [
1084 silly reify   'C:\\Users\\kvr19\\Downloads\\Flowforge\\mvp\\frontend\\node_modules\\@rollup\\rollup-openharmony-arm64'
1084 silly reify ]
1085 verbose reify failed optional dependency C:\Users\kvr19\Downloads\Flowforge\mvp\frontend\node_modules\@rollup\rollup-openbsd-x64
1086 silly reify mark deleted [
1086 silly reify   'C:\\Users\\kvr19\\Downloads\\Flowforge\\mvp\\frontend\\node_modules\\@rollup\\rollup-openbsd-x64'
1086 silly reify ]
1087 verbose reify failed optional dependency C:\Users\kvr19\Downloads\Flowforge\mvp\frontend\node_modules\@rollup\rollup-linux-x64-musl
1088 silly reify mark deleted [
1088 silly reify   'C:\\Users\\kvr19\\Downloads\\Flowforge\\mvp\\frontend\\node_modules\\@rollup\\rollup-linux-x64-musl'
1088 silly reify ]
1089 verbose reify failed optional dependency C:\Users\kvr19\Downloads\Flowforge\mvp\frontend\node_modules\@rollup\rollup-linux-x64-gnu
1090 silly reify mark deleted [
1090 silly reify   'C:\\Users\\kvr19\\Downloads\\Flowforge\\mvp\\frontend\\node_modules\\@rollup\\rollup-linux-x64-gnu'
1090 silly reify ]
1091 verbose reify failed optional dependency C:\Users\kvr19\Downloads\Flowforge\mvp\frontend\node_modules\@rollup\rollup-linux-s390x-gnu
1092 silly reify mark deleted [
1092 silly reify   'C:\\Users\\kvr19\\Downloads\\Flowforge\\mvp\\frontend\\node_modules\\@rollup\\rollup-linux-s390x-gnu'
1092 silly reify ]
1093 verbose reify failed optional dependency C:\Users\kvr19\Downloads\Flowforge\mvp\frontend\node_modules\@rollup\rollup-linux-riscv64-musl
1094 silly reify mark deleted [
1094 silly reify   'C:\\Users\\kvr19\\Downloads\\Flowforge\\mvp\\frontend\\node_modules\\@rollup\\rollup-linux-riscv64-musl'
1094 silly reify ]
1095 verbose reify failed optional dependency C:\Users\kvr19\Downloads\Flowforge\mvp\frontend\node_modules\@rollup\rollup-linux-riscv64-gnu
1096 silly reify mark deleted [
1096 silly reify   'C:\\Users\\kvr19\\Downloads\\Flowforge\\mvp\\frontend\\node_modules\\@rollup\\rollup-linux-riscv64-gnu'
1096 silly reify ]
1097 verbose reify failed optional dependency C:\Users\kvr19\Downloads\Flowforge\mvp\frontend\node_modules\@rollup\rollup-linux-ppc64-musl
1098 silly reify mark deleted [
1098 silly reify   'C:\\Users\\kvr19\\Downloads\\Flowforge\\mvp\\frontend\\node_modules\\@rollup\\rollup-linux-ppc64-musl'
1098 silly reify ]
1099 verbose reify failed optional dependency C:\Users\kvr19\Downloads\Flowforge\mvp\frontend\node_modules\@rollup\rollup-linux-ppc64-gnu
1100 silly reify mark deleted [
1100 silly reify   'C:\\Users\\kvr19\\Downloads\\Flowforge\\mvp\\frontend\\node_modules\\@rollup\\rollup-linux-ppc64-gnu'
1100 silly reify ]
1101 verbose reify failed optional dependency C:\Users\kvr19\Downloads\Flowforge\mvp\frontend\node_modules\@rollup\rollup-linux-loong64-musl
1102 silly reify mark deleted [
1102 silly reify   'C:\\Users\\kvr19\\Downloads\\Flowforge\\mvp\\frontend\\node_modules\\@rollup\\rollup-linux-loong64-musl'
1102 silly reify ]
1103 verbose reify failed optional dependency C:\Users\kvr19\Downloads\Flowforge\mvp\frontend\node_modules\@rollup\rollup-linux-loong64-gnu
1104 silly reify mark deleted [
1104 silly reify   'C:\\Users\\kvr19\\Downloads\\Flowforge\\mvp\\frontend\\node_modules\\@rollup\\rollup-linux-loong64-gnu'
1104 silly reify ]
1105 verbose reify failed optional dependency C:\Users\kvr19\Downloads\Flowforge\mvp\frontend\node_modules\@rollup\rollup-linux-arm64-musl
1106 silly reify mark deleted [
1106 silly reify   'C:\\Users\\kvr19\\Downloads\\Flowforge\\mvp\\frontend\\node_modules\\@rollup\\rollup-linux-arm64-musl'
1106 silly reify ]
1107 verbose reify failed optional dependency C:\Users\kvr19\Downloads\Flowforge\mvp\frontend\node_modules\@rollup\rollup-linux-arm64-gnu
1108 silly reify mark deleted [
1108 silly reify   'C:\\Users\\kvr19\\Downloads\\Flowforge\\mvp\\frontend\\node_modules\\@rollup\\rollup-linux-arm64-gnu'
1108 silly reify ]
1109 verbose reify failed optional dependency C:\Users\kvr19\Downloads\Flowforge\mvp\frontend\node_modules\@rollup\rollup-linux-arm-musleabihf
1110 silly reify mark deleted [
1110 silly reify   'C:\\Users\\kvr19\\Downloads\\Flowforge\\mvp\\frontend\\node_modules\\@rollup\\rollup-linux-arm-musleabihf'
1110 silly reify ]
1111 verbose reify failed optional dependency C:\Users\kvr19\Downloads\Flowforge\mvp\frontend\node_modules\@rollup\rollup-linux-arm-gnueabihf
1112 silly reify mark deleted [
1112 silly reify   'C:\\Users\\kvr19\\Downloads\\Flowforge\\mvp\\frontend\\node_modules\\@rollup\\rollup-linux-arm-gnueabihf'
1112 silly reify ]
1113 verbose reify failed optional dependency C:\Users\kvr19\Downloads\Flowforge\mvp\frontend\node_modules\@rollup\rollup-freebsd-x64
1114 silly reify mark deleted [
1114 silly reify   'C:\\Users\\kvr19\\Downloads\\Flowforge\\mvp\\frontend\\node_modules\\@rollup\\rollup-freebsd-x64'
1114 silly reify ]
1115 verbose reify failed optional dependency C:\Users\kvr19\Downloads\Flowforge\mvp\frontend\node_modules\@rollup\rollup-freebsd-arm64
1116 silly reify mark deleted [
1116 silly reify   'C:\\Users\\kvr19\\Downloads\\Flowforge\\mvp\\frontend\\node_modules\\@rollup\\rollup-freebsd-arm64'
1116 silly reify ]
1117 verbose reify failed optional dependency C:\Users\kvr19\Downloads\Flowforge\mvp\frontend\node_modules\@rollup\rollup-darwin-x64
1118 silly reify mark deleted [
1118 silly reify   'C:\\Users\\kvr19\\Downloads\\Flowforge\\mvp\\frontend\\node_modules\\@rollup\\rollup-darwin-x64'
1118 silly reify ]
1119 verbose reify failed optional dependency C:\Users\kvr19\Downloads\Flowforge\mvp\frontend\node_modules\@rollup\rollup-darwin-arm64
1120 silly reify mark deleted [
1120 silly reify   'C:\\Users\\kvr19\\Downloads\\Flowforge\\mvp\\frontend\\node_modules\\@rollup\\rollup-darwin-arm64'
1120 silly reify ]
1121 verbose reify failed optional dependency C:\Users\kvr19\Downloads\Flowforge\mvp\frontend\node_modules\@rollup\rollup-android-arm64
1122 silly reify mark deleted [
1122 silly reify   'C:\\Users\\kvr19\\Downloads\\Flowforge\\mvp\\frontend\\node_modules\\@rollup\\rollup-android-arm64'
1122 silly reify ]
1123 verbose reify failed optional dependency C:\Users\kvr19\Downloads\Flowforge\mvp\frontend\node_modules\@rollup\rollup-android-arm-eabi
1124 silly reify mark deleted [
1124 silly reify   'C:\\Users\\kvr19\\Downloads\\Flowforge\\mvp\\frontend\\node_modules\\@rollup\\rollup-android-arm-eabi'
1124 silly reify ]
1125 verbose reify failed optional dependency C:\Users\kvr19\Downloads\Flowforge\mvp\frontend\node_modules\@napi-rs\lzma-linux-x64-gnu
1126 silly reify mark deleted [
1126 silly reify   'C:\\Users\\kvr19\\Downloads\\Flowforge\\mvp\\frontend\\node_modules\\@napi-rs\\lzma-linux-x64-gnu'
1126 silly reify ]
1127 verbose reify failed optional dependency C:\Users\kvr19\Downloads\Flowforge\mvp\frontend\node_modules\@esbuild\win32-ia32
1128 silly reify mark deleted [
1128 silly reify   'C:\\Users\\kvr19\\Downloads\\Flowforge\\mvp\\frontend\\node_modules\\@esbuild\\win32-ia32'
1128 silly reify ]
1129 verbose reify failed optional dependency C:\Users\kvr19\Downloads\Flowforge\mvp\frontend\node_modules\@esbuild\win32-arm64
1130 silly reify mark deleted [
1130 silly reify   'C:\\Users\\kvr19\\Downloads\\Flowforge\\mvp\\frontend\\node_modules\\@esbuild\\win32-arm64'
1130 silly reify ]
1131 verbose reify failed optional dependency C:\Users\kvr19\Downloads\Flowforge\mvp\frontend\node_modules\@esbuild\sunos-x64
1132 silly reify mark deleted [
1132 silly reify   'C:\\Users\\kvr19\\Downloads\\Flowforge\\mvp\\frontend\\node_modules\\@esbuild\\sunos-x64'
1132 silly reify ]
1133 verbose reify failed optional dependency C:\Users\kvr19\Downloads\Flowforge\mvp\frontend\node_modules\@esbuild\openharmony-arm64
1134 silly reify mark deleted [
1134 silly reify   'C:\\Users\\kvr19\\Downloads\\Flowforge\\mvp\\frontend\\node_modules\\@esbuild\\openharmony-arm64'
1134 silly reify ]
1135 verbose reify failed optional dependency C:\Users\kvr19\Downloads\Flowforge\mvp\frontend\node_modules\@esbuild\openbsd-x64
1136 silly reify mark deleted [
1136 silly reify   'C:\\Users\\kvr19\\Downloads\\Flowforge\\mvp\\frontend\\node_modules\\@esbuild\\openbsd-x64'
1136 silly reify ]
1137 verbose reify failed optional dependency C:\Users\kvr19\Downloads\Flowforge\mvp\frontend\node_modules\@esbuild\openbsd-arm64
1138 silly reify mark deleted [
1138 silly reify   'C:\\Users\\kvr19\\Downloads\\Flowforge\\mvp\\frontend\\node_modules\\@esbuild\\openbsd-arm64'
1138 silly reify ]
1139 verbose reify failed optional dependency C:\Users\kvr19\Downloads\Flowforge\mvp\frontend\node_modules\@esbuild\netbsd-x64
1140 silly reify mark deleted [
1140 silly reify   'C:\\Users\\kvr19\\Downloads\\Flowforge\\mvp\\frontend\\node_modules\\@esbuild\\netbsd-x64'
1140 silly reify ]
1141 verbose reify failed optional dependency C:\Users\kvr19\Downloads\Flowforge\mvp\frontend\node_modules\@esbuild\netbsd-arm64
1142 silly reify mark deleted [
1142 silly reify   'C:\\Users\\kvr19\\Downloads\\Flowforge\\mvp\\frontend\\node_modules\\@esbuild\\netbsd-arm64'
1142 silly reify ]
1143 verbose reify failed optional dependency C:\Users\kvr19\Downloads\Flowforge\mvp\frontend\node_modules\@esbuild\linux-x64
1144 silly reify mark deleted [
1144 silly reify   'C:\\Users\\kvr19\\Downloads\\Flowforge\\mvp\\frontend\\node_modules\\@esbuild\\linux-x64'
1144 silly reify ]
1145 verbose reify failed optional dependency C:\Users\kvr19\Downloads\Flowforge\mvp\frontend\node_modules\@esbuild\linux-s390x
1146 silly reify mark deleted [
1146 silly reify   'C:\\Users\\kvr19\\Downloads\\Flowforge\\mvp\\frontend\\node_modules\\@esbuild\\linux-s390x'
1146 silly reify ]
1147 verbose reify failed optional dependency C:\Users\kvr19\Downloads\Flowforge\mvp\frontend\node_modules\@esbuild\linux-riscv64
1148 silly reify mark deleted [
1148 silly reify   'C:\\Users\\kvr19\\Downloads\\Flowforge\\mvp\\frontend\\node_modules\\@esbuild\\linux-riscv64'
1148 silly reify ]
1149 verbose reify failed optional dependency C:\Users\kvr19\Downloads\Flowforge\mvp\frontend\node_modules\@esbuild\linux-ppc64
1150 silly reify mark deleted [
1150 silly reify   'C:\\Users\\kvr19\\Downloads\\Flowforge\\mvp\\frontend\\node_modules\\@esbuild\\linux-ppc64'
1150 silly reify ]
1151 verbose reify failed optional dependency C:\Users\kvr19\Downloads\Flowforge\mvp\frontend\node_modules\@esbuild\linux-mips64el
1152 silly reify mark deleted [
1152 silly reify   'C:\\Users\\kvr19\\Downloads\\Flowforge\\mvp\\frontend\\node_modules\\@esbuild\\linux-mips64el'
1152 silly reify ]
1153 verbose reify failed optional dependency C:\Users\kvr19\Downloads\Flowforge\mvp\frontend\node_modules\@esbuild\linux-loong64
1154 silly reify mark deleted [
1154 silly reify   'C:\\Users\\kvr19\\Downloads\\Flowforge\\mvp\\frontend\\node_modules\\@esbuild\\linux-loong64'
1154 silly reify ]
1155 verbose reify failed optional dependency C:\Users\kvr19\Downloads\Flowforge\mvp\frontend\node_modules\@esbuild\linux-ia32
1156 silly reify mark deleted [
1156 silly reify   'C:\\Users\\kvr19\\Downloads\\Flowforge\\mvp\\frontend\\node_modules\\@esbuild\\linux-ia32'
1156 silly reify ]
1157 verbose reify failed optional dependency C:\Users\kvr19\Downloads\Flowforge\mvp\frontend\node_modules\@esbuild\linux-arm64
1158 silly reify mark deleted [
1158 silly reify   'C:\\Users\\kvr19\\Downloads\\Flowforge\\mvp\\frontend\\node_modules\\@esbuild\\linux-arm64'
1158 silly reify ]
1159 verbose reify failed optional dependency C:\Users\kvr19\Downloads\Flowforge\mvp\frontend\node_modules\@esbuild\linux-arm
1160 silly reify mark deleted [
1160 silly reify   'C:\\Users\\kvr19\\Downloads\\Flowforge\\mvp\\frontend\\node_modules\\@esbuild\\linux-arm'
1160 silly reify ]
1161 verbose reify failed optional dependency C:\Users\kvr19\Downloads\Flowforge\mvp\frontend\node_modules\@esbuild\freebsd-x64
1162 silly reify mark deleted [
1162 silly reify   'C:\\Users\\kvr19\\Downloads\\Flowforge\\mvp\\frontend\\node_modules\\@esbuild\\freebsd-x64'
1162 silly reify ]
1163 verbose reify failed optional dependency C:\Users\kvr19\Downloads\Flowforge\mvp\frontend\node_modules\@esbuild\freebsd-arm64
1164 silly reify mark deleted [
1164 silly reify   'C:\\Users\\kvr19\\Downloads\\Flowforge\\mvp\\frontend\\node_modules\\@esbuild\\freebsd-arm64'
1164 silly reify ]
1165 verbose reify failed optional dependency C:\Users\kvr19\Downloads\Flowforge\mvp\frontend\node_modules\@esbuild\darwin-x64
1166 silly reify mark deleted [
1166 silly reify   'C:\\Users\\kvr19\\Downloads\\Flowforge\\mvp\\frontend\\node_modules\\@esbuild\\darwin-x64'
1166 silly reify ]
1167 verbose reify failed optional dependency C:\Users\kvr19\Downloads\Flowforge\mvp\frontend\node_modules\@esbuild\darwin-arm64
1168 silly reify mark deleted [
1168 silly reify   'C:\\Users\\kvr19\\Downloads\\Flowforge\\mvp\\frontend\\node_modules\\@esbuild\\darwin-arm64'
1168 silly reify ]
1169 verbose reify failed optional dependency C:\Users\kvr19\Downloads\Flowforge\mvp\frontend\node_modules\@esbuild\android-x64
1170 silly reify mark deleted [
1170 silly reify   'C:\\Users\\kvr19\\Downloads\\Flowforge\\mvp\\frontend\\node_modules\\@esbuild\\android-x64'
1170 silly reify ]
1171 verbose reify failed optional dependency C:\Users\kvr19\Downloads\Flowforge\mvp\frontend\node_modules\@esbuild\android-arm64
1172 silly reify mark deleted [
1172 silly reify   'C:\\Users\\kvr19\\Downloads\\Flowforge\\mvp\\frontend\\node_modules\\@esbuild\\android-arm64'
1172 silly reify ]
1173 verbose reify failed optional dependency C:\Users\kvr19\Downloads\Flowforge\mvp\frontend\node_modules\@esbuild\android-arm
1174 silly reify mark deleted [
1174 silly reify   'C:\\Users\\kvr19\\Downloads\\Flowforge\\mvp\\frontend\\node_modules\\@esbuild\\android-arm'
1174 silly reify ]
1175 verbose reify failed optional dependency C:\Users\kvr19\Downloads\Flowforge\mvp\frontend\node_modules\@esbuild\aix-ppc64
1176 silly reify mark deleted [
1176 silly reify   'C:\\Users\\kvr19\\Downloads\\Flowforge\\mvp\\frontend\\node_modules\\@esbuild\\aix-ppc64'
1176 silly reify ]
1177 verbose reify failed optional dependency C:\Users\kvr19\Downloads\Flowforge\mvp\frontend\node_modules\fsevents
1178 silly reify mark deleted [
1178 silly reify   'C:\\Users\\kvr19\\Downloads\\Flowforge\\mvp\\frontend\\node_modules\\fsevents'
1178 silly reify ]
1179 silly tarball no local data for @types/estree@https://registry.npmjs.org/@types/estree/-/estree-1.0.9.tgz. Extracting by manifest.
1180 silly tarball no local data for @rollup/rollup-win32-x64-msvc@https://registry.npmjs.org/@rollup/rollup-win32-x64-msvc/-/rollup-win32-x64-msvc-4.63.5.tgz. Extracting by manifest.
1181 silly tarball no local data for @esbuild/win32-x64@https://registry.npmjs.org/@esbuild/win32-x64/-/win32-x64-0.25.12.tgz. Extracting by manifest.
1182 silly tarball no local data for @rollup/rollup-win32-x64-gnu@https://registry.npmjs.org/@rollup/rollup-win32-x64-gnu/-/rollup-win32-x64-gnu-4.63.5.tgz. Extracting by manifest.
1183 silly tarball no local data for rollup@https://registry.npmjs.org/rollup/-/rollup-4.63.5.tgz. Extracting by manifest.
1184 silly tarball no local data for esbuild@https://registry.npmjs.org/esbuild/-/esbuild-0.25.12.tgz. Extracting by manifest.
1185 silly tarball no local data for escalade@https://registry.npmjs.org/escalade/-/escalade-3.2.0.tgz. Extracting by manifest.
1186 silly tarball no local data for is-number@https://registry.npmjs.org/is-number/-/is-number-7.0.0.tgz. Extracting by manifest.
1187 silly tarball no local data for object-assign@https://registry.npmjs.org/object-assign/-/object-assign-4.1.1.tgz. Extracting by manifest.
1188 silly tarball no local data for any-promise@https://registry.npmjs.org/any-promise/-/any-promise-1.3.0.tgz. Extracting by manifest.
1189 silly tarball no local data for thenify-all@https://registry.npmjs.org/thenify-all/-/thenify-all-1.6.0.tgz. Extracting by manifest.
1190 silly tarball no local data for tinyglobby@https://registry.npmjs.org/tinyglobby/-/tinyglobby-0.2.17.tgz. Extracting by manifest.
1191 silly tarball no local data for pirates@https://registry.npmjs.org/pirates/-/pirates-4.0.7.tgz. Extracting by manifest.
1192 silly tarball no local data for ts-interface-checker@https://registry.npmjs.org/ts-interface-checker/-/ts-interface-checker-0.1.13.tgz. Extracting by manifest.
1193 silly tarball no local data for thenify@https://registry.npmjs.org/thenify/-/thenify-3.3.1.tgz. Extracting by manifest.
1194 silly tarball no local data for lines-and-columns@https://registry.npmjs.org/lines-and-columns/-/lines-and-columns-1.2.4.tgz. Extracting by manifest.
1195 silly tarball no local data for mz@https://registry.npmjs.org/mz/-/mz-2.7.0.tgz. Extracting by manifest.
1196 silly tarball no local data for commander@https://registry.npmjs.org/commander/-/commander-4.1.1.tgz. Extracting by manifest.
1197 silly tarball no local data for queue-microtask@https://registry.npmjs.org/queue-microtask/-/queue-microtask-1.2.3.tgz. Extracting by manifest.
1198 silly tarball no local data for function-bind@https://registry.npmjs.org/function-bind/-/function-bind-1.1.2.tgz. Extracting by manifest.
1199 silly tarball no local data for hasown@https://registry.npmjs.org/hasown/-/hasown-2.0.4.tgz. Extracting by manifest.
1200 silly tarball no local data for path-parse@https://registry.npmjs.org/path-parse/-/path-parse-1.0.7.tgz. Extracting by manifest.
1201 silly tarball no local data for supports-preserve-symlinks-flag@https://registry.npmjs.org/supports-preserve-symlinks-flag/-/supports-preserve-symlinks-flag-1.0.0.tgz. Extracting by manifest.
1202 silly tarball no local data for es-errors@https://registry.npmjs.org/es-errors/-/es-errors-1.3.0.tgz. Extracting by manifest.
1203 silly tarball no local data for util-deprecate@https://registry.npmjs.org/util-deprecate/-/util-deprecate-1.0.2.tgz. Extracting by manifest.
1204 silly tarball no local data for cssesc@https://registry.npmjs.org/cssesc/-/cssesc-3.0.0.tgz. Extracting by manifest.
1205 silly tarball no local data for is-core-module@https://registry.npmjs.org/is-core-module/-/is-core-module-2.17.0.tgz. Extracting by manifest.
1206 silly tarball no local data for camelcase-css@https://registry.npmjs.org/camelcase-css/-/camelcase-css-2.0.1.tgz. Extracting by manifest.
1207 silly tarball no local data for read-cache@https://registry.npmjs.org/read-cache/-/read-cache-1.0.2.tgz. Extracting by manifest.
1208 silly tarball no local data for is-extglob@https://registry.npmjs.org/is-extglob/-/is-extglob-2.1.1.tgz. Extracting by manifest.
1209 silly tarball no local data for to-regex-range@https://registry.npmjs.org/to-regex-range/-/to-regex-range-5.0.1.tgz. Extracting by manifest.
1210 silly tarball no local data for reusify@https://registry.npmjs.org/reusify/-/reusify-1.1.0.tgz. Extracting by manifest.
1211 silly tarball no local data for run-parallel@https://registry.npmjs.org/run-parallel/-/run-parallel-1.2.0.tgz. Extracting by manifest.
1212 silly tarball no local data for @nodelib/fs.scandir@https://registry.npmjs.org/@nodelib/fs.scandir/-/fs.scandir-2.1.5.tgz. Extracting by manifest.
1213 silly tarball no local data for fastq@https://registry.npmjs.org/fastq/-/fastq-1.20.3.tgz. Extracting by manifest.
1214 silly tarball no local data for @nodelib/fs.walk@https://registry.npmjs.org/@nodelib/fs.walk/-/fs.walk-1.2.8.tgz. Extracting by manifest.
1215 silly tarball no local data for merge2@https://registry.npmjs.org/merge2/-/merge2-1.4.1.tgz. Extracting by manifest.
1216 silly tarball no local data for @nodelib/fs.stat@https://registry.npmjs.org/@nodelib/fs.stat/-/fs.stat-2.0.5.tgz. Extracting by manifest.
1217 silly tarball no local data for binary-extensions@https://registry.npmjs.org/binary-extensions/-/binary-extensions-2.3.0.tgz. Extracting by manifest.
1218 silly tarball no local data for picomatch@https://registry.npmjs.org/picomatch/-/picomatch-2.3.2.tgz. Extracting by manifest.
1219 silly tarball no local data for fill-range@https://registry.npmjs.org/fill-range/-/fill-range-7.1.1.tgz. Extracting by manifest.
1220 silly tarball no local data for is-binary-path@https://registry.npmjs.org/is-binary-path/-/is-binary-path-2.1.0.tgz. Extracting by manifest.
1221 silly tarball no local data for readdirp@https://registry.npmjs.org/readdirp/-/readdirp-3.6.0.tgz. Extracting by manifest.
1222 silly tarball no local data for braces@https://registry.npmjs.org/braces/-/braces-3.0.3.tgz. Extracting by manifest.
1223 silly tarball no local data for anymatch@https://registry.npmjs.org/anymatch/-/anymatch-3.1.3.tgz. Extracting by manifest.
1224 silly tarball no local data for sucrase@https://registry.npmjs.org/sucrase/-/sucrase-3.35.1.tgz. Extracting by manifest.
1225 silly tarball no local data for resolve@https://registry.npmjs.org/resolve/-/resolve-1.22.12.tgz. Extracting by manifest.
1226 silly tarball no local data for postcss-selector-parser@https://registry.npmjs.org/postcss-selector-parser/-/postcss-selector-parser-6.1.4.tgz. Extracting by manifest.
1227 silly tarball no local data for postcss-nested@https://registry.npmjs.org/postcss-nested/-/postcss-nested-6.2.0.tgz. Extracting by manifest.
1228 silly tarball no local data for postcss-js@https://registry.npmjs.org/postcss-js/-/postcss-js-4.1.0.tgz. Extracting by manifest.
1229 silly tarball no local data for postcss-import@https://registry.npmjs.org/postcss-import/-/postcss-import-15.1.0.tgz. Extracting by manifest.
1230 silly tarball no local data for postcss-load-config@https://registry.npmjs.org/postcss-load-config/-/postcss-load-config-6.0.1.tgz. Extracting by manifest.
1231 silly tarball no local data for object-hash@https://registry.npmjs.org/object-hash/-/object-hash-3.0.0.tgz. Extracting by manifest.
1232 silly tarball no local data for micromatch@https://registry.npmjs.org/micromatch/-/micromatch-4.0.8.tgz. Extracting by manifest.
1233 silly tarball no local data for jiti@https://registry.npmjs.org/jiti/-/jiti-1.21.7.tgz. Extracting by manifest.
1234 silly tarball no local data for lilconfig@https://registry.npmjs.org/lilconfig/-/lilconfig-3.1.3.tgz. Extracting by manifest.
1235 silly tarball no local data for normalize-path@https://registry.npmjs.org/normalize-path/-/normalize-path-3.0.0.tgz. Extracting by manifest.
1236 silly tarball no local data for is-glob@https://registry.npmjs.org/is-glob/-/is-glob-4.0.3.tgz. Extracting by manifest.
1237 silly tarball no local data for glob-parent@https://registry.npmjs.org/glob-parent/-/glob-parent-6.0.2.tgz. Extracting by manifest.
1238 silly tarball no local data for fast-glob@https://registry.npmjs.org/fast-glob/-/fast-glob-3.3.3.tgz. Extracting by manifest.
1239 silly tarball no local data for didyoumean@https://registry.npmjs.org/didyoumean/-/didyoumean-1.2.2.tgz. Extracting by manifest.
1240 silly tarball no local data for dlv@https://registry.npmjs.org/dlv/-/dlv-1.1.3.tgz. Extracting by manifest.
1241 silly tarball no local data for chokidar@https://registry.npmjs.org/chokidar/-/chokidar-3.6.0.tgz. Extracting by manifest.
1242 silly tarball no local data for @alloc/quick-lru@https://registry.npmjs.org/@alloc/quick-lru/-/quick-lru-5.3.0.tgz. Extracting by manifest.
1243 silly tarball no local data for arg@https://registry.npmjs.org/arg/-/arg-5.0.2.tgz. Extracting by manifest.
1244 silly tarball no local data for scheduler@https://registry.npmjs.org/scheduler/-/scheduler-0.23.2.tgz. Extracting by manifest.
1245 silly tarball no local data for source-map-js@https://registry.npmjs.org/source-map-js/-/source-map-js-1.2.1.tgz. Extracting by manifest.
1246 silly tarball no local data for nanoid@https://registry.npmjs.org/nanoid/-/nanoid-3.3.19.tgz. Extracting by manifest.
1247 silly tarball no local data for ms@https://registry.npmjs.org/ms/-/ms-2.1.3.tgz. Extracting by manifest.
1248 silly tarball no local data for yallist@https://registry.npmjs.org/yallist/-/yallist-3.1.1.tgz. Extracting by manifest.
1249 silly tarball no local data for electron-to-chromium@https://registry.npmjs.org/electron-to-chromium/-/electron-to-chromium-1.5.442.tgz. Extracting by manifest.
1250 silly tarball no local data for baseline-browser-mapping@https://registry.npmjs.org/baseline-browser-mapping/-/baseline-browser-mapping-2.11.26.tgz. Extracting by manifest.
1251 silly tarball no local data for postcss-value-parser@https://registry.npmjs.org/postcss-value-parser/-/postcss-value-parser-4.2.0.tgz. Extracting by manifest.
1252 silly tarball no local data for node-releases@https://registry.npmjs.org/node-releases/-/node-releases-2.0.57.tgz. Extracting by manifest.
1253 silly tarball no local data for @types/babel__traverse@https://registry.npmjs.org/@types/babel__traverse/-/babel__traverse-7.28.0.tgz. Extracting by manifest.
1254 silly tarball no local data for caniuse-lite@https://registry.npmjs.org/caniuse-lite/-/caniuse-lite-1.0.30001814.tgz. Extracting by manifest.
1255 silly tarball no local data for @types/babel__template@https://registry.npmjs.org/@types/babel__template/-/babel__template-7.4.4.tgz. Extracting by manifest.
1256 silly tarball no local data for @types/babel__generator@https://registry.npmjs.org/@types/babel__generator/-/babel__generator-7.27.0.tgz. Extracting by manifest.
1257 silly tarball no local data for @babel/helper-string-parser@https://registry.npmjs.org/@babel/helper-string-parser/-/helper-string-parser-7.29.7.tgz. Extracting by manifest.
1258 silly tarball no local data for @jridgewell/sourcemap-codec@https://registry.npmjs.org/@jridgewell/sourcemap-codec/-/sourcemap-codec-1.6.0.tgz. Extracting by manifest.
1259 silly tarball no local data for @jridgewell/resolve-uri@https://registry.npmjs.org/@jridgewell/resolve-uri/-/resolve-uri-3.1.2.tgz. Extracting by manifest.
1260 silly tarball no local data for @babel/helper-globals@https://registry.npmjs.org/@babel/helper-globals/-/helper-globals-7.29.7.tgz. Extracting by manifest.
1261 silly tarball no local data for update-browserslist-db@https://registry.npmjs.org/update-browserslist-db/-/update-browserslist-db-1.3.3.tgz. Extracting by manifest.
1262 silly tarball no local data for @babel/helper-plugin-utils@https://registry.npmjs.org/@babel/helper-plugin-utils/-/helper-plugin-utils-7.29.7.tgz. Extracting by manifest.
1263 silly tarball no local data for fraction.js@https://registry.npmjs.org/fraction.js/-/fraction.js-5.3.4.tgz. Extracting by manifest.
1264 silly tarball no local data for @babel/helper-module-imports@https://registry.npmjs.org/@babel/helper-module-imports/-/helper-module-imports-7.29.7.tgz. Extracting by manifest.
1265 silly tarball no local data for @jridgewell/trace-mapping@https://registry.npmjs.org/@jridgewell/trace-mapping/-/trace-mapping-0.3.31.tgz. Extracting by manifest.
1266 silly tarball no local data for lru-cache@https://registry.npmjs.org/lru-cache/-/lru-cache-5.1.1.tgz. Extracting by manifest.
1267 silly tarball no local data for @jridgewell/gen-mapping@https://registry.npmjs.org/@jridgewell/gen-mapping/-/gen-mapping-0.3.13.tgz. Extracting by manifest.
1268 silly tarball no local data for loose-envify@https://registry.npmjs.org/loose-envify/-/loose-envify-1.4.0.tgz. Extracting by manifest.
1269 silly tarball no local data for @babel/helper-validator-option@https://registry.npmjs.org/@babel/helper-validator-option/-/helper-validator-option-7.29.7.tgz. Extracting by manifest.
1270 silly tarball no local data for @babel/helper-validator-identifier@https://registry.npmjs.org/@babel/helper-validator-identifier/-/helper-validator-identifier-7.29.7.tgz. Extracting by manifest.
1271 silly tarball no local data for browserslist@https://registry.npmjs.org/browserslist/-/browserslist-4.29.3.tgz. Extracting by manifest.
1272 silly tarball no local data for js-tokens@https://registry.npmjs.org/js-tokens/-/js-tokens-4.0.0.tgz. Extracting by manifest.
1273 silly tarball no local data for jsesc@https://registry.npmjs.org/jsesc/-/jsesc-3.1.0.tgz. Extracting by manifest.
1274 silly tarball no local data for @babel/compat-data@https://registry.npmjs.org/@babel/compat-data/-/compat-data-7.29.7.tgz. Extracting by manifest.
1275 silly tarball no local data for picocolors@https://registry.npmjs.org/picocolors/-/picocolors-1.1.1.tgz. Extracting by manifest.
1276 silly tarball no local data for semver@https://registry.npmjs.org/semver/-/semver-6.3.1.tgz. Extracting by manifest.
1277 silly tarball no local data for json5@https://registry.npmjs.org/json5/-/json5-2.2.3.tgz. Extracting by manifest.
1278 silly tarball no local data for @jridgewell/remapping@https://registry.npmjs.org/@jridgewell/remapping/-/remapping-2.3.5.tgz. Extracting by manifest.
1279 silly tarball no local data for @babel/types@https://registry.npmjs.org/@babel/types/-/types-7.29.8.tgz. Extracting by manifest.
1280 silly tarball no local data for gensync@https://registry.npmjs.org/gensync/-/gensync-1.0.0-beta.2.tgz. Extracting by manifest.
1281 silly tarball no local data for debug@https://registry.npmjs.org/debug/-/debug-4.4.3.tgz. Extracting by manifest.
1282 silly tarball no local data for @babel/traverse@https://registry.npmjs.org/@babel/traverse/-/traverse-7.29.8.tgz. Extracting by manifest.
1283 silly tarball no local data for convert-source-map@https://registry.npmjs.org/convert-source-map/-/convert-source-map-2.0.0.tgz. Extracting by manifest.
1284 silly tarball no local data for @babel/template@https://registry.npmjs.org/@babel/template/-/template-7.29.7.tgz. Extracting by manifest.
1285 silly tarball no local data for @babel/helpers@https://registry.npmjs.org/@babel/helpers/-/helpers-7.29.7.tgz. Extracting by manifest.
1286 silly tarball no local data for @babel/helper-module-transforms@https://registry.npmjs.org/@babel/helper-module-transforms/-/helper-module-transforms-7.29.7.tgz. Extracting by manifest.
1287 silly tarball no local data for react-refresh@https://registry.npmjs.org/react-refresh/-/react-refresh-0.17.0.tgz. Extracting by manifest.
1288 silly tarball no local data for @babel/parser@https://registry.npmjs.org/@babel/parser/-/parser-7.29.9.tgz. Extracting by manifest.
1289 silly tarball no local data for @babel/helper-compilation-targets@https://registry.npmjs.org/@babel/helper-compilation-targets/-/helper-compilation-targets-7.29.7.tgz. Extracting by manifest.
1290 silly tarball no local data for @babel/code-frame@https://registry.npmjs.org/@babel/code-frame/-/code-frame-7.29.7.tgz. Extracting by manifest.
1291 silly tarball no local data for @babel/generator@https://registry.npmjs.org/@babel/generator/-/generator-7.29.8.tgz. Extracting by manifest.
1292 silly tarball no local data for @rolldown/pluginutils@https://registry.npmjs.org/@rolldown/pluginutils/-/pluginutils-1.0.0-beta.27.tgz. Extracting by manifest.
1293 silly tarball no local data for @types/babel__core@https://registry.npmjs.org/@types/babel__core/-/babel__core-7.20.5.tgz. Extracting by manifest.
1294 silly tarball no local data for tailwindcss@https://registry.npmjs.org/tailwindcss/-/tailwindcss-3.4.19.tgz. Extracting by manifest.
1295 silly tarball no local data for @babel/plugin-transform-react-jsx-source@https://registry.npmjs.org/@babel/plugin-transform-react-jsx-source/-/plugin-transform-react-jsx-source-7.29.7.tgz. Extracting by manifest.
1296 silly tarball no local data for @babel/core@https://registry.npmjs.org/@babel/core/-/core-7.29.7.tgz. Extracting by manifest.
1297 silly tarball no local data for @babel/plugin-transform-react-jsx-self@https://registry.npmjs.org/@babel/plugin-transform-react-jsx-self/-/plugin-transform-react-jsx-self-7.29.7.tgz. Extracting by manifest.
1298 silly tarball no local data for react-dom@https://registry.npmjs.org/react-dom/-/react-dom-18.3.1.tgz. Extracting by manifest.
1299 silly tarball no local data for react@https://registry.npmjs.org/react/-/react-18.3.1.tgz. Extracting by manifest.
1300 silly tarball no local data for vite@https://registry.npmjs.org/vite/-/vite-6.4.3.tgz. Extracting by manifest.
1301 silly tarball no local data for picomatch@https://registry.npmjs.org/picomatch/-/picomatch-4.0.7.tgz. Extracting by manifest.
1302 silly tarball no local data for @vitejs/plugin-react@https://registry.npmjs.org/@vitejs/plugin-react/-/plugin-react-4.7.0.tgz. Extracting by manifest.
1303 silly tarball no local data for autoprefixer@https://registry.npmjs.org/autoprefixer/-/autoprefixer-10.6.1.tgz. Extracting by manifest.
1304 silly tarball no local data for postcss@https://registry.npmjs.org/postcss/-/postcss-8.5.28.tgz. Extracting by manifest.
1305 silly tarball no local data for fdir@https://registry.npmjs.org/fdir/-/fdir-6.5.0.tgz. Extracting by manifest.
1306 silly tarball no local data for glob-parent@https://registry.npmjs.org/glob-parent/-/glob-parent-5.1.2.tgz. Extracting by manifest.
1307 silly tarball no local data for glob-parent@https://registry.npmjs.org/glob-parent/-/glob-parent-5.1.2.tgz. Extracting by manifest.
1308 silly tarball no local data for picomatch@https://registry.npmjs.org/picomatch/-/picomatch-4.0.7.tgz. Extracting by manifest.
1309 silly tarball no local data for fdir@https://registry.npmjs.org/fdir/-/fdir-6.5.0.tgz. Extracting by manifest.
1310 http fetch POST 200 https://registry.npmjs.org/-/npm/v1/security/advisories/bulk 441ms
1311 silly audit report {}
1312 http fetch GET 200 https://registry.npmjs.org/ts-interface-checker/-/ts-interface-checker-0.1.13.tgz 442ms (cache miss)
1313 http fetch GET 200 https://registry.npmjs.org/escalade/-/escalade-3.2.0.tgz 484ms (cache miss)
1314 http fetch GET 200 https://registry.npmjs.org/thenify-all/-/thenify-all-1.6.0.tgz 479ms (cache miss)
1315 http fetch GET 200 https://registry.npmjs.org/is-number/-/is-number-7.0.0.tgz 484ms (cache miss)
1316 http fetch GET 200 https://registry.npmjs.org/function-bind/-/function-bind-1.1.2.tgz 472ms (cache miss)
1317 http fetch GET 200 https://registry.npmjs.org/object-assign/-/object-assign-4.1.1.tgz 560ms (cache miss)
1318 http fetch GET 200 https://registry.npmjs.org/@types/estree/-/estree-1.0.9.tgz 574ms (cache miss)
1319 http fetch GET 200 https://registry.npmjs.org/lines-and-columns/-/lines-and-columns-1.2.4.tgz 636ms (cache miss)
1320 http fetch GET 200 https://registry.npmjs.org/mz/-/mz-2.7.0.tgz 662ms (cache miss)
1321 http fetch GET 200 https://registry.npmjs.org/hasown/-/hasown-2.0.4.tgz 660ms (cache miss)
1322 http fetch GET 200 https://registry.npmjs.org/es-errors/-/es-errors-1.3.0.tgz 680ms (cache miss)
1323 http fetch GET 200 https://registry.npmjs.org/path-parse/-/path-parse-1.0.7.tgz 685ms (cache miss)
1324 http fetch GET 200 https://registry.npmjs.org/queue-microtask/-/queue-microtask-1.2.3.tgz 689ms (cache miss)
1325 http fetch GET 200 https://registry.npmjs.org/util-deprecate/-/util-deprecate-1.0.2.tgz 711ms (cache miss)
1326 http fetch GET 200 https://registry.npmjs.org/supports-preserve-symlinks-flag/-/supports-preserve-symlinks-flag-1.0.0.tgz 747ms (cache miss)
1327 http fetch GET 200 https://registry.npmjs.org/cssesc/-/cssesc-3.0.0.tgz 764ms (cache miss)
1328 http fetch GET 200 https://registry.npmjs.org/is-extglob/-/is-extglob-2.1.1.tgz 831ms (cache miss)
1329 http fetch GET 200 https://registry.npmjs.org/any-promise/-/any-promise-1.3.0.tgz 855ms (cache miss)
1330 http fetch GET 200 https://registry.npmjs.org/camelcase-css/-/camelcase-css-2.0.1.tgz 870ms (cache miss)
1331 http fetch GET 200 https://registry.npmjs.org/read-cache/-/read-cache-1.0.2.tgz 870ms (cache miss)
1332 http fetch GET 200 https://registry.npmjs.org/reusify/-/reusify-1.1.0.tgz 868ms (cache miss)
1333 http fetch GET 200 https://registry.npmjs.org/to-regex-range/-/to-regex-range-5.0.1.tgz 872ms (cache miss)
1334 http fetch GET 200 https://registry.npmjs.org/commander/-/commander-4.1.1.tgz 922ms (cache miss)
1335 http fetch GET 200 https://registry.npmjs.org/run-parallel/-/run-parallel-1.2.0.tgz 907ms (cache miss)
1336 http fetch GET 200 https://registry.npmjs.org/pirates/-/pirates-4.0.7.tgz 978ms (cache miss)
1337 http fetch GET 200 https://registry.npmjs.org/anymatch/-/anymatch-3.1.3.tgz 977ms (cache miss)
1338 http fetch GET 200 https://registry.npmjs.org/fill-range/-/fill-range-7.1.1.tgz 1015ms (cache miss)
1339 http fetch GET 200 https://registry.npmjs.org/@nodelib/fs.stat/-/fs.stat-2.0.5.tgz 1019ms (cache miss)
1340 http fetch GET 200 https://registry.npmjs.org/merge2/-/merge2-1.4.1.tgz 1061ms (cache miss)
1341 http fetch GET 200 https://registry.npmjs.org/@nodelib/fs.scandir/-/fs.scandir-2.1.5.tgz 1063ms (cache miss)
1342 http fetch GET 200 https://registry.npmjs.org/is-binary-path/-/is-binary-path-2.1.0.tgz 1057ms (cache miss)
1343 http fetch GET 200 https://registry.npmjs.org/readdirp/-/readdirp-3.6.0.tgz 1053ms (cache miss)
1344 http fetch GET 200 https://registry.npmjs.org/braces/-/braces-3.0.3.tgz 1055ms (cache miss)
1345 http fetch GET 200 https://registry.npmjs.org/binary-extensions/-/binary-extensions-2.3.0.tgz 1095ms (cache miss)
1346 http fetch GET 200 https://registry.npmjs.org/postcss-js/-/postcss-js-4.1.0.tgz 1081ms (cache miss)
1347 http fetch GET 200 https://registry.npmjs.org/postcss-import/-/postcss-import-15.1.0.tgz 1081ms (cache miss)
1348 http fetch GET 200 https://registry.npmjs.org/glob-parent/-/glob-parent-6.0.2.tgz 1074ms (cache miss)
1349 http fetch GET 200 https://registry.npmjs.org/normalize-path/-/normalize-path-3.0.0.tgz 1077ms (cache miss)
1350 http fetch GET 200 https://registry.npmjs.org/esbuild/-/esbuild-0.25.12.tgz 1153ms (cache miss)
1351 http fetch GET 200 https://registry.npmjs.org/@nodelib/fs.walk/-/fs.walk-1.2.8.tgz 1123ms (cache miss)
1352 http fetch GET 200 https://registry.npmjs.org/arg/-/arg-5.0.2.tgz 1094ms (cache miss)
1353 http fetch GET 200 https://registry.npmjs.org/dlv/-/dlv-1.1.3.tgz 1098ms (cache miss)
1354 http fetch GET 200 https://registry.npmjs.org/postcss-load-config/-/postcss-load-config-6.0.1.tgz 1109ms (cache miss)
1355 http fetch GET 200 https://registry.npmjs.org/lilconfig/-/lilconfig-3.1.3.tgz 1109ms (cache miss)
1356 http fetch GET 200 https://registry.npmjs.org/postcss-nested/-/postcss-nested-6.2.0.tgz 1138ms (cache miss)
1357 http fetch GET 200 https://registry.npmjs.org/ms/-/ms-2.1.3.tgz 1116ms (cache miss)
1358 http fetch GET 200 https://registry.npmjs.org/micromatch/-/micromatch-4.0.8.tgz 1158ms (cache miss)
1359 http fetch GET 200 https://registry.npmjs.org/@alloc/quick-lru/-/quick-lru-5.3.0.tgz 1150ms (cache miss)
1360 http fetch GET 200 https://registry.npmjs.org/is-glob/-/is-glob-4.0.3.tgz 1175ms (cache miss)
1361 http fetch GET 200 https://registry.npmjs.org/nanoid/-/nanoid-3.3.19.tgz 1160ms (cache miss)
1362 http fetch GET 200 https://registry.npmjs.org/yallist/-/yallist-3.1.1.tgz 1160ms (cache miss)
1363 http fetch GET 200 https://registry.npmjs.org/@types/babel__generator/-/babel__generator-7.27.0.tgz 1178ms (cache miss)
1364 http fetch GET 200 https://registry.npmjs.org/postcss-value-parser/-/postcss-value-parser-4.2.0.tgz 1209ms (cache miss)
1365 http fetch GET 200 https://registry.npmjs.org/node-releases/-/node-releases-2.0.57.tgz 1211ms (cache miss)
1366 http fetch GET 200 https://registry.npmjs.org/tinyglobby/-/tinyglobby-0.2.17.tgz 1295ms (cache miss)
1367 http fetch GET 200 https://registry.npmjs.org/object-hash/-/object-hash-3.0.0.tgz 1249ms (cache miss)
1368 http fetch GET 200 https://registry.npmjs.org/@babel/helper-string-parser/-/helper-string-parser-7.29.7.tgz 1220ms (cache miss)
1369 http fetch GET 200 https://registry.npmjs.org/@types/babel__template/-/babel__template-7.4.4.tgz 1225ms (cache miss)
1370 http fetch GET 200 https://registry.npmjs.org/lru-cache/-/lru-cache-5.1.1.tgz 1212ms (cache miss)
1371 http fetch GET 200 https://registry.npmjs.org/@jridgewell/resolve-uri/-/resolve-uri-3.1.2.tgz 1223ms (cache miss)
1372 http fetch GET 200 https://registry.npmjs.org/@types/babel__traverse/-/babel__traverse-7.28.0.tgz 1246ms (cache miss)
1373 http fetch GET 200 https://registry.npmjs.org/@babel/helper-globals/-/helper-globals-7.29.7.tgz 1239ms (cache miss)
1374 http fetch GET 200 https://registry.npmjs.org/didyoumean/-/didyoumean-1.2.2.tgz 1267ms (cache miss)
1375 http fetch GET 200 https://registry.npmjs.org/@babel/helper-plugin-utils/-/helper-plugin-utils-7.29.7.tgz 1254ms (cache miss)
1376 http fetch GET 200 https://registry.npmjs.org/@babel/compat-data/-/compat-data-7.29.7.tgz 1244ms (cache miss)
1377 http fetch GET 200 https://registry.npmjs.org/update-browserslist-db/-/update-browserslist-db-1.3.3.tgz 1277ms (cache miss)
1378 http fetch GET 200 https://registry.npmjs.org/@babel/helper-validator-option/-/helper-validator-option-7.29.7.tgz 1270ms (cache miss)
1379 http fetch GET 200 https://registry.npmjs.org/loose-envify/-/loose-envify-1.4.0.tgz 1272ms (cache miss)
1380 http fetch GET 200 https://registry.npmjs.org/@babel/helper-validator-identifier/-/helper-validator-identifier-7.29.7.tgz 1273ms (cache miss)
1381 http fetch GET 200 https://registry.npmjs.org/convert-source-map/-/convert-source-map-2.0.0.tgz 1256ms (cache miss)
1382 http fetch GET 200 https://registry.npmjs.org/js-tokens/-/js-tokens-4.0.0.tgz 1288ms (cache miss)
1383 http fetch GET 200 https://registry.npmjs.org/picocolors/-/picocolors-1.1.1.tgz 1286ms (cache miss)
1384 http fetch GET 200 https://registry.npmjs.org/gensync/-/gensync-1.0.0-beta.2.tgz 1292ms (cache miss)
1385 http fetch GET 200 https://registry.npmjs.org/debug/-/debug-4.4.3.tgz 1294ms (cache miss)
1386 http fetch GET 200 https://registry.npmjs.org/@babel/code-frame/-/code-frame-7.29.7.tgz 1308ms (cache miss)
1387 http fetch GET 200 https://registry.npmjs.org/@types/babel__core/-/babel__core-7.20.5.tgz 1316ms (cache miss)
1388 http fetch GET 200 https://registry.npmjs.org/is-core-module/-/is-core-module-2.17.0.tgz 1444ms (cache miss)
1389 http fetch GET 200 https://registry.npmjs.org/@babel/plugin-transform-react-jsx-self/-/plugin-transform-react-jsx-self-7.29.7.tgz 1341ms (cache miss)
1390 http fetch GET 200 https://registry.npmjs.org/@babel/plugin-transform-react-jsx-source/-/plugin-transform-react-jsx-source-7.29.7.tgz 1351ms (cache miss)
1391 http fetch GET 200 https://registry.npmjs.org/react-refresh/-/react-refresh-0.17.0.tgz 1369ms (cache miss)
1392 http fetch GET 200 https://registry.npmjs.org/jsesc/-/jsesc-3.1.0.tgz 1395ms (cache miss)
1393 http fetch GET 200 https://registry.npmjs.org/semver/-/semver-6.3.1.tgz 1404ms (cache miss)
1394 http fetch GET 200 https://registry.npmjs.org/@rolldown/pluginutils/-/pluginutils-1.0.0-beta.27.tgz 1386ms (cache miss)
1395 http fetch GET 200 https://registry.npmjs.org/picomatch/-/picomatch-2.3.2.tgz 1483ms (cache miss)
1396 http fetch GET 200 https://registry.npmjs.org/chokidar/-/chokidar-3.6.0.tgz 1462ms (cache miss)
1397 http fetch GET 200 https://registry.npmjs.org/glob-parent/-/glob-parent-5.1.2.tgz 1399ms (cache miss)
1398 http fetch GET 200 https://registry.npmjs.org/fdir/-/fdir-6.5.0.tgz 1397ms (cache miss)
1399 http fetch GET 200 https://registry.npmjs.org/glob-parent/-/glob-parent-5.1.2.tgz 1431ms (cache miss)
1400 http fetch GET 200 https://registry.npmjs.org/baseline-browser-mapping/-/baseline-browser-mapping-2.11.26.tgz 1524ms (cache miss)
1401 http fetch GET 200 https://registry.npmjs.org/fastq/-/fastq-1.20.3.tgz 1592ms (cache miss)
1402 http fetch GET 200 https://registry.npmjs.org/fdir/-/fdir-6.5.0.tgz 1489ms (cache miss)
1403 http fetch GET 200 https://registry.npmjs.org/@babel/helper-module-imports/-/helper-module-imports-7.29.7.tgz 1548ms (cache miss)
1404 http fetch GET 200 https://registry.npmjs.org/browserslist/-/browserslist-4.29.3.tgz 1546ms (cache miss)
1405 http fetch GET 200 https://registry.npmjs.org/@vitejs/plugin-react/-/plugin-react-4.7.0.tgz 1541ms (cache miss)
1406 http fetch GET 200 https://registry.npmjs.org/electron-to-chromium/-/electron-to-chromium-1.5.442.tgz 1618ms (cache miss)
1407 http fetch GET 200 https://registry.npmjs.org/picomatch/-/picomatch-4.0.7.tgz 1572ms (cache miss)
1408 http fetch GET 200 https://registry.npmjs.org/picomatch/-/picomatch-4.0.7.tgz 1598ms (cache miss)
1409 http fetch GET 200 https://registry.npmjs.org/scheduler/-/scheduler-0.23.2.tgz 1696ms (cache miss)
1410 http fetch GET 200 https://registry.npmjs.org/source-map-js/-/source-map-js-1.2.1.tgz 1736ms (cache miss)
1411 http fetch GET 200 https://registry.npmjs.org/@babel/helper-module-transforms/-/helper-module-transforms-7.29.7.tgz 1701ms (cache miss)
1412 http fetch GET 200 https://registry.npmjs.org/@babel/helper-compilation-targets/-/helper-compilation-targets-7.29.7.tgz 1704ms (cache miss)
1413 http fetch GET 200 https://registry.npmjs.org/fraction.js/-/fraction.js-5.3.4.tgz 1766ms (cache miss)
1414 http fetch GET 200 https://registry.npmjs.org/@babel/template/-/template-7.29.7.tgz 1743ms (cache miss)
1415 http fetch GET 200 https://registry.npmjs.org/json5/-/json5-2.2.3.tgz 1760ms (cache miss)
1416 http fetch GET 200 https://registry.npmjs.org/thenify/-/thenify-3.3.1.tgz 1860ms (cache miss)
1417 http fetch GET 200 https://registry.npmjs.org/react/-/react-18.3.1.tgz 1765ms (cache miss)
1418 http fetch GET 200 https://registry.npmjs.org/@jridgewell/gen-mapping/-/gen-mapping-0.3.13.tgz 1855ms (cache miss)
1419 http fetch GET 200 https://registry.npmjs.org/@jridgewell/remapping/-/remapping-2.3.5.tgz 1848ms (cache miss)
1420 http fetch GET 200 https://registry.npmjs.org/@jridgewell/sourcemap-codec/-/sourcemap-codec-1.6.0.tgz 1871ms (cache miss)
1421 http fetch GET 200 https://registry.npmjs.org/@rollup/rollup-win32-x64-gnu/-/rollup-win32-x64-gnu-4.63.5.tgz 1970ms (cache miss)
1422 http fetch GET 200 https://registry.npmjs.org/postcss-selector-parser/-/postcss-selector-parser-6.1.4.tgz 1954ms (cache miss)
1423 http fetch GET 200 https://registry.npmjs.org/@babel/parser/-/parser-7.29.9.tgz 1892ms (cache miss)
1424 http fetch GET 200 https://registry.npmjs.org/@rollup/rollup-win32-x64-msvc/-/rollup-win32-x64-msvc-4.63.5.tgz 2034ms (cache miss)
1425 http fetch GET 200 https://registry.npmjs.org/jiti/-/jiti-1.21.7.tgz 1975ms (cache miss)
1426 http fetch GET 200 https://registry.npmjs.org/@babel/generator/-/generator-7.29.8.tgz 1965ms (cache miss)
1427 http fetch GET 200 https://registry.npmjs.org/@jridgewell/trace-mapping/-/trace-mapping-0.3.31.tgz 2001ms (cache miss)
1428 http fetch GET 200 https://registry.npmjs.org/fast-glob/-/fast-glob-3.3.3.tgz 2039ms (cache miss)
1429 http fetch GET 200 https://registry.npmjs.org/postcss/-/postcss-8.5.28.tgz 1978ms (cache miss)
1430 http fetch GET 200 https://registry.npmjs.org/rollup/-/rollup-4.63.5.tgz 2160ms (cache miss)
1431 http fetch GET 200 https://registry.npmjs.org/@babel/traverse/-/traverse-7.29.8.tgz 2076ms (cache miss)
1432 http fetch GET 200 https://registry.npmjs.org/vite/-/vite-6.4.3.tgz 2075ms (cache miss)
1433 http fetch GET 200 https://registry.npmjs.org/autoprefixer/-/autoprefixer-10.6.1.tgz 2086ms (cache miss)
1434 http fetch GET 200 https://registry.npmjs.org/react-dom/-/react-dom-18.3.1.tgz 2145ms (cache miss)
1435 http fetch GET 200 https://registry.npmjs.org/resolve/-/resolve-1.22.12.tgz 2278ms (cache miss)
1436 http fetch GET 200 https://registry.npmjs.org/@esbuild/win32-x64/-/win32-x64-0.25.12.tgz 2394ms (cache miss)
1437 http fetch GET 200 https://registry.npmjs.org/@babel/core/-/core-7.29.7.tgz 2260ms (cache miss)
1438 http fetch GET 200 https://registry.npmjs.org/sucrase/-/sucrase-3.35.1.tgz 2486ms (cache miss)
1439 http fetch GET 200 https://registry.npmjs.org/@babel/types/-/types-7.29.8.tgz 2442ms (cache miss)
1440 http fetch GET 200 https://registry.npmjs.org/@babel/helpers/-/helpers-7.29.7.tgz 2469ms (cache miss)
1441 http fetch GET 200 https://registry.npmjs.org/tailwindcss/-/tailwindcss-3.4.19.tgz 2532ms (cache miss)
1442 http fetch GET 200 https://registry.npmjs.org/caniuse-lite/-/caniuse-lite-1.0.30001814.tgz 3016ms (cache miss)
1443 info run esbuild@0.25.12 postinstall node_modules/esbuild node install.js
1444 info run esbuild@0.25.12 postinstall { code: 1, signal: null }
1445 warn cleanup Failed to remove some directories [
1445 warn cleanup   [
1445 warn cleanup     'C:\\Users\\kvr19\\Downloads\\Flowforge\\mvp\\frontend\\node_modules',
1445 warn cleanup     [Error: EPERM: operation not permitted, rmdir 'C:\Users\kvr19\Downloads\Flowforge\mvp\frontend\node_modules\resolve\test\resolver\symlinked'] {
1445 warn cleanup       errno: -4048,
1445 warn cleanup       code: 'EPERM',
1445 warn cleanup       syscall: 'rmdir',
1445 warn cleanup       path: 'C:\\Users\\kvr19\\Downloads\\Flowforge\\mvp\\frontend\\node_modules\\resolve\\test\\resolver\\symlinked'
1445 warn cleanup     }
1445 warn cleanup   ],
1445 warn cleanup   [
1445 warn cleanup     'C:\\Users\\kvr19\\Downloads\\Flowforge\\mvp\\frontend\\node_modules\\sucrase',
1445 warn cleanup     [Error: EPERM: operation not permitted, rmdir 'C:\Users\kvr19\Downloads\Flowforge\mvp\frontend\node_modules\sucrase'] {
1445 warn cleanup       errno: -4048,
1445 warn cleanup       code: 'EPERM',
1445 warn cleanup       syscall: 'rmdir',
1445 warn cleanup       path: 'C:\\Users\\kvr19\\Downloads\\Flowforge\\mvp\\frontend\\node_modules\\sucrase'
1445 warn cleanup     }
1445 warn cleanup   ]
1445 warn cleanup ]
1446 verbose stack Error: command failed
1446 verbose stack     at promiseSpawn (c:\Program Files\nodejs\node_modules\npm\node_modules\@npmcli\promise-spawn\lib\index.js:22:22)
1446 verbose stack     at spawnWithShell (c:\Program Files\nodejs\node_modules\npm\node_modules\@npmcli\promise-spawn\lib\index.js:124:10)
1446 verbose stack     at promiseSpawn (c:\Program Files\nodejs\node_modules\npm\node_modules\@npmcli\promise-spawn\lib\index.js:12:12)
1446 verbose stack     at runScriptPkg (c:\Program Files\nodejs\node_modules\npm\node_modules\@npmcli\run-script\lib\run-script-pkg.js:77:13)
1446 verbose stack     at runScript (c:\Program Files\nodejs\node_modules\npm\node_modules\@npmcli\run-script\lib\run-script.js:9:12)
1446 verbose stack     at c:\Program Files\nodejs\node_modules\npm\node_modules\@npmcli\arborist\lib\arborist\rebuild.js:329:17
1446 verbose stack     at run (c:\Program Files\nodejs\node_modules\npm\node_modules\promise-call-limit\dist\commonjs\index.js:67:22)
1446 verbose stack     at c:\Program Files\nodejs\node_modules\npm\node_modules\promise-call-limit\dist\commonjs\index.js:84:9
1446 verbose stack     at new Promise (<anonymous>)
1446 verbose stack     at callLimit (c:\Program Files\nodejs\node_modules\npm\node_modules\promise-call-limit\dist\commonjs\index.js:35:69)
1447 verbose pkgid esbuild@0.25.12
1448 error code 1
1449 error path C:\Users\kvr19\Downloads\Flowforge\mvp\frontend\node_modules\esbuild
1450 error command failed
1451 error command C:\WINDOWS\system32\cmd.exe /d /s /c node install.js
1452 error node:fs:2728
1452 error       const stats = binding.lstat(baseLong, true, undefined, true /* throwIfNoEntry */);
1452 error                             ^
1452 error
1452 error Error: EPERM: operation not permitted, lstat 'C:\Users\kvr19'
1452 error     at Object.realpathSync (node:fs:2728:29)
1452 error     at toRealPath (node:internal/modules/helpers:58:13)
1452 error     at Module._findPath (node:internal/modules/cjs/loader:753:22)
1452 error     at resolveMainPath (node:internal/modules/run_main:35:23)
1452 error     at Function.executeUserEntryPoint [as runMain] (node:internal/modules/run_main:160:24)
1452 error     at node:internal/main/run_main_module:28:49 {
1452 error   errno: -4048,
1452 error   code: 'EPERM',
1452 error   syscall: 'lstat',
1452 error   path: 'C:\\Users\\kvr19'
1452 error }
1452 error
1452 error Node.js v20.18.0
1453 silly unfinished npm timer reify 1790766274884
1454 silly unfinished npm timer reify:build 1790766287186
1455 silly unfinished npm timer build 1790766287187
1456 silly unfinished npm timer build:deps 1790766287187
1457 silly unfinished npm timer build:run:postinstall 1790766287633
1458 silly unfinished npm timer build:run:postinstall:node_modules/esbuild 1790766287633
1459 verbose cwd C:\Users\kvr19\Downloads\Flowforge\mvp\frontend
1460 verbose os Windows_NT 10.0.26200
1461 verbose node v20.18.0
1462 verbose npm  v10.8.2
1463 notice
1463 notice New major version of npm available! 10.8.2 -> 12.1.0
1463 notice Changelog: https://github.com/npm/cli/releases/tag/v12.1.0
1463 notice To update run: npm install -g npm@12.1.0
1463 notice  { force: true, [Symbol(proc-log.meta)]: true }
1464 verbose exit 1
1465 verbose code 1
1466 error A complete log of this run can be found in: C:\Users\kvr19\Downloads\Flowforge\mvp\frontend\.npm-cache\_logs\2026-09-30T11_04_34_363Z-debug-0.log
